ItemId,Eas,Specification,LocalDescription,Outlet,Address,CollDay,Active,Dec-08,Mar-09,Jun-09,Sep-09,Dec-09,Mar-10,Jun-10,Sep-10,Dec-10,Mar-11,Jun-11,Sep-11,Dec-11,Mar-12,Jun-12,Sep-12,Dec-12,Mar-13,Jun-13,Sep-13,Dec-13,Mar-14,Jun-14,Sep-14,Dec-14,Mar-15,Jun-15,Sep-15,Dec-15,Mar-16,Jun-16,Sep-16,Dec-16,Mar-17,Jun-17,Sep-17,Dec-17,Mar-18,Jun-18,Sep-18,Dec-18,Mar-19,Jun-19,Sep-19,Dec-19,Mar-20,Jun-20
31,French loaf 30 cm,"French loaf, 30 cm, unsliced","French loaf freshly packed, 30 cm, La Parisienne, 10 loaves",Tebakor Shopping Center, ,0,N,600,600,600,600,600,600,600,,,,,,,600,600,600,,,,,,,,,,,,600,,600,600,,,,600,,,600,600,,,600,600,600,,600,
32,French loaf 30 cm,"French loaf, 30 cm, unsliced","French loaf freshly packed, 30 cm, loaf shack, 10 loaves",Traverso, ,0,Y,600,600,600,600,600,600,,600,600,600,600,600,600,600,600,600,600,,,,600,600,600,600,600,600,,600,600,600,,,600,600,600,,,600,,,,600,600,600,600,600,
33,French loaf 30 cm,"French loaf, 30 cm, unsliced","French loaf freshly packed, 30 cm, Ah Pow, 10 loaves",Au Bon Marche manples, ,0,Y,600,600,600,600,600,600,600,600,600,600,600,600,600,600,600,600,600,,,,600,600,600,600,600,600,600,600,600,550,550,600,600,600,600,510,600,500,510,510,600,600,600,600,600,,
34,French loaf 30 cm,"French loaf, 30 cm, unsliced","French loaf freshly packed, 30 cm, Ah Pow, 10 loaves",Chew Store, ,0,Y,600,600,600,600,600,600,600,600,600,600,600,,,600,600,600,600,,,,600,600,600,600,600,600,600,600,600,550,550,600,600,600,,,,,,,,600,600,600,,,
35,English loaf 30 cm,"English loaf, 30 cm, unsliced","English local loaf, 3 loaves",Market House, ,0,Y,300,360,360,360,360,360,360,360,360,360,360,,,360,360,360,360,360,360,360,360,360,360,360,360,360,360,,360,1250,300,360,360,360,,,,,,,,,,,,,
36,English loaf 30 cm,"English loaf, 30 cm, unsliced","English local loaf, 3 loaves",Fresh Water III, ,0,Y,300,360,360,360,360,360,360,360,360,360,300,360,360,,360,360,360,360,360,360,360,360,360,360,360,360,360,300,360,360,360,360,360,360,,,,,,,,,,,,,
185,Orange,"Oranges, loose, per Kg","Oranges, 1Kg, Australia",Au Bon Marche Nambatu, ,0,Y,395,495,395,495,450,450,450,550,550,550,580,800,800,,,395,395,395,395,395,395,395,395,395,395,395,,550,395,395,395,,395,395,550,,650,560,560,560,560,560,,560,560,560,
186,Orange,"Oranges, loose, per Kg","Oranges, 1Kg, Australia",Au Bon Marche Manples, ,0,Y,495,390,390,390,450,450,450,550,550,550,580,450,450,350,450,395,395,395,395,395,395,395,395,395,395,395,550,550,395,395,395,550,395,395,550,650,650,560,560,560,650,560,,560,560,560,
187,Orange,"Oranges, loose, per Kg","Oranges RG, 1Kg, Australia",Traverso, ,0,Y,790,390,395,495,650,480,580,580,580,580,,550,550,680,650,650,550,550,550,550,550,550,550,550,550,550,750,550,550,550,550,750,550,550,650,,650,680,680,750,,750,750,750,750,750,
188,Orange,"Oranges, loose, per Kg","Oranges, local, 5 medium size",Market House, ,0,Y,100,100,150,950,950,,,,,,150,,,,200,200,200,,,,,,,,,,260,,,,850,260,,,550,,,,500,,,,500,500,,,
189,Apple,"Apples, loose, per Kg","Apple, 1Kg, Australia",Au Bon Marche Nambatu, ,0,Y,495,495,495,495,495,495,480,450,450,450,480,395,395,350,550,450,480,480,480,480,480,480,480,480,480,480,,550,480,480,480,,480,480,550,550,550,560,560,560,560,560,560,560,560,560,
190,Apple,"Apples, loose, per Kg","Apple, 1Kg, Australia",Au Bon Marche Manples, ,0,Y,500,490,490,490,495,495,450,450,450,450,480,395,395,350,395,450,480,480,480,480,480,480,480,480,480,480,550,550,480,480,480,550,480,480,550,550,550,560,560,560,560,560,560,560,560,560,
191,Apple,"Apples, loose, per Kg","Red Apple, 1Kg, Australia",Traverso, ,0,Y,390,390,495,,990,650,580,580,580,580,620,480,480,680,550,550,550,550,550,550,550,550,550,550,550,550,750,550,550,550,550,750,550,550,450,650,650,,680,750,750,750,750,750,,750,
192,Kiwi,"Kiwi fruit, loose, per Kg","Kiwi, 1Kg, Australia",Au Bon Marche Nambatu, ,0,Y,950,950,1400,,,1400,1200,950,950,950,1200,550,550,,395,850,950,950,950,950,950,950,950,950,950,950,,1400,950,950,950,,950,950,1200,980,980,1400,,870,890,,,850,,,
193,Kiwi,"Kiwi fruit, loose, per Kg","Kiwi, 1Kg, Australia",Au Bon Marche Manples, ,0,Y,950,950,950,950,950,950,1200,,,,,,,,,,950,,,,950,950,950,950,950,950,550,1400,950,950,950,550,950,950,990,980,980,1480,1400,,870,850,,850,850,,
194,Kiwi,"Kiwi fruit, loose, per Kg","Kiwi, 1Kg, Australia",Traverso, ,0,Y,950,950,950,,,1100,1200,1200,1200,1200,1100,,,1200,1200,1250,1250,,,,1250,1250,1250,1250,1250,1250,1450,1400,1250,1200,1200,1450,1250,1250,1200,1450,1450,,,1650,,1950,1950,1950,750,,
195,Grapes,"Grapes, bunch, per Kg","Grappes, 1Kg, Australia",Au Bon Marche Nambatu, ,0,Y,950,950,950,,1600,1600,1400,,,,1950,1950,1950,1800,1500,1200,1500,1800,1800,1800,1800,1800,1800,1800,1800,1800,,1400,1800,1800,1800,,1800,1800,1400,1800,1800,1840,1840,,1840,1840,,2300,,,
196,Grapes,"Grapes, bunch, per Kg","Grappes ""raisin Asrtd, 1Kg, Australia",Au Bon Marche Manples, ,0,Y,1450,1450,900,900,1600,1600,1400,,,,1950,1950,1950,1500,1500,1200,1500,1800,1800,1800,1800,1800,1800,1800,1800,1800,,1900,1800,1800,1800,,1800,1800,1200,1800,1800,1840,1840,,1840,1840,,,,,
197,Grapes,"Grapes, bunch, per Kg","Grappes, 1Kg, Australia",Traverso, ,0,Y,1390,1390,1400,1400,,1450,,,,,,2200,2200,1950,1950,1950,,,,,,,,,,,,,,,,,,,,2450,2650,750,2650,,,2850,2850,2850,3250,3300,
198,Pears,"Pears, loose, per Kg","Pears, 1Kg, Australia",Au Bon Marche Nambatu, ,0,Y,450,450,495,,495,495,,550,550,550,580,,,450,,,450,480,480,480,450,450,450,450,450,450,,550,450,450,450,,450,450,550,580,,595,595,595,595,595,595,595,,595,
199,Pears,"Pears, loose, per Kg","Pears, 1Kg, Australia",Au Bon Marche Manples, ,0,Y,650,490,490,490,550,550,450,395,395,395,580,,,450,,450,450,450,450,450,450,450,450,450,450,450,550,550,450,450,450,550,450,450,550,580,,599,595,595,595,595,595,595,,595,
200,Pears,"Pears, loose, per Kg","Pears, 1Kg, Australia",Traverso, ,0,Y,695,495,490,490,750,650,,650,650,650,,800,800,750,680,,,750,750,750,,,,,,,850,550,,,,850,,,295,750,,,761,780,780,,,,,780,
201,"Banana, eating","Banana, eating, bunch, per Kg","Ripe banana, 1Kg, local",Au Bon Marche Nambatu, ,0,Y,250,200,250,250,250,250,250,250,250,250,250,250,250,250,,,250,250,250,250,250,250,250,250,250,250,,,250,250,250,,250,250,220,,250,225,,,225,,255,255,255,,
202,"Banana, eating","Banana, eating, bunch, per Kg","Ripe banana, 1Kg, local",Au Bon Marche Manples, ,0,Y,120,100,,,250,250,250,,,,,290,290,250,250,250,250,,,,250,250,250,250,250,250,,,250,250,250,,250,250,,,,,,,,,,,,,
203,"Banana, eating","Banana, eating, bunch, per Kg","Ripe banana, 1Kg, local",Traverso, ,0,Y,200,150,200,200,,150,,,,,,,,,,,,250,250,250,,,,,,,,,,,,,,,,,,,,,,,,,,,
204,"Banana, eating","Banana, eating, bunch, per Kg","Ripe banana, local, 5medium size bunch, about 150-200vt",Market House, ,0,Y,200,200,400,650,650,350,360,300,300,300,,,,400,400,300,300,400,400,400,300,300,300,300,300,300,,,300,,600,,300,300,1000,1200,1900,1250,650,1500,850,600,650,330,,,
205,Pawpaw,"Pawpaws, loose, per Kg","Pawpaw, 1Kg, local",Au Bon Marche Nambatu, ,0,Y,200,150,200,1400,300,300,,300,300,300,200,150,150,,350,,280,280,280,280,280,280,280,280,280,280,,,280,280,280,,280,280,220,,250,250,,255,255,,255,185,255,255,
206,Pawpaw,"Pawpaws, loose, per Kg","Pawpaw, 1Kg, local",Au Bon Marche Manples, ,0,Y,120,150,,,250,250,,,,,,,,,,,280,,,,280,280,280,280,280,280,,,280,280,280,,280,280,,,,,,,,,,,,,
207,Pawpaw,"Pawpaws, loose, per Kg","Pawpaw, 1Kg, local",Traverso, ,0,Y,150,150,150,330,200,200,200,,,,,,,220,220,220,250,250,250,250,250,250,250,250,250,250,,,250,250,250,,250,250,,450,,800,,,,,,,300,300,
208,Pawpaw,"Pawpaws, loose, per Kg","Pawpaw, local, 5 medium size, yellow, 100-150vt",Market House, ,0,Y,100,100,200,350,350,200,300,,,,,,,300,200,200,200,200,200,200,200,200,200,200,200,200,,,200,2150,600,,200,200,420,,500,750,700,530,450,630,760,290,550,550,
209,Rock melon,"Rock melon, loose, per Kg","Rock melon, 1Kg, local",Au Bon Marche Nambatu, ,0,Y,830,830,1800,1800,850,850,950,950,950,950,1100,,,950,,,995,1200,1200,1200,1200,1200,1200,1200,1200,1200,,,1200,1200,1200,,1200,1200,1500,,1500,1500,,,,,,1500,1950,1950,
210,Rock melon,"Rock melon, loose, per Kg","Rock melon, 1Kg, local",Au Bon Marche Manples, ,0,Y,750,750,,,850,850,950,980,980,980,1100,,,950,950,,995,1200,1200,1200,1200,1200,1200,1200,1200,1200,,,1200,1200,1200,,1200,1200,,1500,1500,1500,,,,,,,,,
211,Rock melon,"Rock melon, loose, per Kg","Rock melon, 1Kg, local",Traverso, ,0,Y,1400,1400,1800,800,,390,,,,,,,,,,,,,,,,,,,,,,,,,,,,,,,,,,,,,,,,,
212,Rock melon,"Rock melon, loose, per Kg","Water melon, local, 5 medium size, red, 500-600vt",Market House, ,0,Y,100,100,,290,290,1000,,,,,,,,1000,,,1000,2000,2000,2000,3000,3000,3000,3000,3000,3000,,6050,3000,8200,8200,,3000,3000,250,,8300,8500,4130,,,5600,7060,7060,,7300,
213,Green coconut,"Green coconut, piece, per Kg","Green coconut, 1pc, local",Au Bon Marche Nambatu, ,0,Y,50,50,60,,,,,,,,,,,,,,,,,,,,,,,,,,,,,,,,,,,,,,50,,,,,,
214,Green coconut,"Green coconut, piece, per Kg","Green coconut, 1Kg, local",Au Bon Marche Manples, ,0,Y,100,100,,,,,,,,,,,,,,,,,,,,,,,,,,,,,,,,,,,,,,,,,,,,,
215,Green coconut,"Green coconut, piece, per Kg","Green coconut, 1Kg, local",Traverso, ,0,Y,100,200,,,,,,,,,,,,,,,,,,,,,,,,,,,,,,,,,,,,450,,,,,,,,,
216,Green coconut,"Green coconut, piece, per Kg","Green coconut, local, 5 fruits, medium, 30vt",Market House, ,0,Y,100,200,120,150,150,100,100,,90,90,,,,120,60,90,90,120,120,120,120,120,120,120,120,120,600,600,120,600,400,600,120,120,500,550,,500,500,250,400,400,500,500,250,250,
217,Pamplemous,"Pamplemous, loose, per Kg","Pamplemous, 1Kg, 120vt for 2 pc,local",Au Bon Marche Nambatu, ,0,Y,200,200,260,150,150,150,150,150,150,150,,180,180,,200,,180,,,,180,180,180,180,180,180,,,180,180,180,,180,180,,180,,180,180,185,,185,185,185,,,
218,Pamplemous,"Pamplemous, loose, per Kg","Pamplemous, 1Kg, local",Au Bon Marche Manples, ,0,Y,130,150,,,150,150,200,,,,,180,180,,,,180,,,,180,180,180,180,180,180,,,180,180,180,,180,180,,,,,,,,,,,,,
219,Pamplemous,"Pamplemous, loose, per Kg","Pamplemous, 1Kg, local",Chew Store, ,0,N,150,100,300,300,,150,150,,,,,,,,,,,,,,,,,,,,,,,,,,,,,,,,,,,,,,,,
220,Pamplemous,"Pamplemous, loose, per Kg","Pamplemous, local, 5big size, green marcots",Market House, ,0,Y,100,100,300,300,300,,200,100,100,100,100,,,,100,200,200,400,400,400,400,400,400,400,400,400,200,,400,,300,200,400,400,,,,,250,750,500,300,500,500,,,
221,Lime,"Limes, loose, per Kg","Lime, local, 1Kg, local",Au Bon Marche Nambatu, ,0,Y,150,100,150,220,450,450,250,180,180,180,250,,,250,250,,380,380,380,380,380,380,380,380,380,380,,,380,380,380,,380,380,,295,,350,350,200,350,350,350,350,,350,
222,Lime,"Limes, loose, per Kg","Lime, local, 1Kg, local",Au Bon Marche Manples, ,0,Y,180,180,,,150,150,120,250,250,250,250,250,250,350,250,250,380,250,250,250,380,380,380,380,380,380,,,380,380,380,,380,380,250,,,350,350,350,,350,,350,,,
223,Lime,"Limes, loose, per Kg","Lime, local, 1Kg, local",Traverso, ,0,Y,150,100,,150,,295,295,100,100,100,150,150,150,150,180,180,,250,250,250,,,,,,,,,,,,,,,,650,650,,450,450,450,450,,450,450,350,
224,Lime,"Limes, loose, per Kg","Lime, local, local, 5plastics, 100vt",Market House, ,0,Y,100,100,300,300,300,300,300,300,300,300,,,,300,300,300,300,300,300,300,300,300,300,300,300,300,300,,300,,450,300,300,300,,,1000,1000,500,1000,500,500,1000,750,,750,
225,"Mandarine, imported","Mandarines, imported, loose, per Kg","Mandarine, 1Kg, imported",Au Bon Marche Nambatu, ,0,Y,750,750,750,750,550,550,980,,,,,,,,,,,,,,,,,,,,,,,,,,,,,,,,,,,,,,,,
226,"Mandarine, imported","Mandarines, imported, loose, per Kg","Mandarine, 1Kg, imported",Au Bon Marche Manples, ,0,Y,895,895,,,550,550,,,,,,,,,,,,,,,,,,,,,950,,,,,950,,,950,,,,,,765,,,,,,
227,"Mandarine, imported","Mandarines, imported, loose, per Kg","Mandarine, 1Kg, imported",Traverso, ,0,Y,1190,1190,1195,1195,,,,,,,,,,,,,,,,,,,,,,,,,,,,,,,,,,,,,,,,,,,
228,"Mandarine, local","Mandarines, local, loose, per Kg","Mandarine, local, 5 medium size of 30vt each",Market House, ,0,Y,80,80,150,150,150,,200,,,,,,,,150,,,,,,,,,,,,,,,,600,,,,,,,,300,,,,500,500,,,
229,Pineapples,"Pineapples, loose, per Kg","Pineapples, 1Kg, local",Au Bon Marche Nambatu, ,0,Y,350,80,250,320,750,750,450,,,,,,,,,,,650,650,650,650,650,650,650,650,650,,,650,650,650,,650,650,450,350,,,,560,,,,,,350,
230,Pineapples,"Pineapples, loose, per Kg","Pineapples, 1Kg, local",Au Bon Marche Manples, ,0,Y,235,150,,,650,650,,,,,,,,,,,,,,,,,,,,,,,,,,,,,250,,,,,,560,,,,,,
231,Pineapples,"Pineapples, loose, per Kg","Pineapples, 1Kg, local",Traverso, ,0,Y,395,200,,200,,395,,,,,450,,,450,450,450,,,,,,,,,,,,,,,,,,,,,,,,,950,,,,,,
232,Pineapples,"Pineapples, loose, per Kg","Pineapples, local, 5 medium size, 200-300vt",Market House, ,0,Y,200,250,600,600,600,400,400,,,,600,,,400,400,,400,400,400,400,400,400,400,400,400,400,600,,400,,800,600,400,400,,,,500,2400,2200,2100,,1700,1400,,1400,
237,Yam,"Yam, basket, per Kg","Yam, Basket, local, 5baskets, 1000vt each",Market House, ,0,Y,1000,800,2000,2000,2000,2000,3000,,,,2400,,,2000,2000,2000,2000,2000,2000,2000,2000,2000,2000,2000,2000,2000,2500,9000,2000,,6500,2500,2000,2000,6600,4000,9000,8500,8000,5200,10000,7500,6000,6000,7100,6000,
238,Island taro,"Island taro, basket, per Kg","Island taro, local, 5bundles, 500-600vt",Market House, ,0,Y,500,600,1000,1000,1000,1000,1000,,,1000,1400,,,1200,1200,1200,1200,1200,1200,1200,1200,1200,1200,1200,1200,1200,1000,3400,1200,2100,2600,1000,1200,1200,3100,2600,2500,,,2700,3200,,3000,3000,,,
239,Manioc,"Manioc (kassava), basket, per Kg","Manioc (kassava), Basket, local,5 baskets, 500-600vt",Market House, ,0,Y,500,500,1200,1000,1000,1000,1200,1000,1000,1000,1000,,,1000,1200,1200,1200,1000,1000,1000,1200,1200,1200,1200,1200,1200,1000,2800,1200,2700,2700,1000,1200,1200,2500,2000,2500,2500,2500,2300,2100,1900,2500,2400,2500,2500,
240,Sweet Potato (Kumala),"Sweet potato (kumala), basket, per Kg","Sweet Potato, Basket, local, 5baskets, 500-600vt",Market House, ,0,Y,600,600,1000,1000,1000,1000,1000,1000,1000,1000,,,,1000,1200,1000,1000,1000,1000,1000,1000,1000,1000,1000,1000,1000,1100,2600,1000,2600,2600,1100,1000,1000,2500,2900,2500,2500,2500,3000,3000,3000,2500,2500,2100,2100,
241,Taro (Fiji),"Taro, basket, per Kg","Taro Fiji, Basket, 11Kg, local,5 baskets, 500-600vt",Market House, ,0,Y,500,500,1000,1000,1000,1200,1000,1000,1000,1000,1000,,,1200,1000,1000,1000,1200,1200,1200,1000,1000,1000,1000,1000,1000,1200,,1000,1950,3200,1200,1000,1000,1500,3200,,3500,,2100,3000,3000,,,3000,3000,
242,Potato,"Potatoes, red, loose, per Kg","Red potatoes, 1Kg, local",Au Bon Marche Nambatu, ,0,Y,395,600,495,495,450,450,450,450,450,450,,,,,395,,130,295,295,295,295,295,295,295,295,295,,,295,295,295,,295,295,900,550,,,,,,,,,,,
243,Potato,"Potatoes, red, loose, per Kg","Red potatoes, 1Kg, local",Traverso, ,0,Y,320,390,490,490,360,225,390,360,360,360,,450,450,,,,550,,,,550,550,550,550,550,550,,,550,550,550,,550,550,,,,350,,380,,,,,,,
244,Potato,"Potatoes, red, loose, per Kg","Red potatoes, 1Kg",Au Bon Marche Manples, ,0,Y,210,490,490,490,450,450,,,,,,,,,,,130,,,,130,130,130,130,130,130,350,,130,130,130,350,130,130,900,,,,,,,,,,,490,
245,Potato,"Potatoes, white, loose, per Kg","White potatoes, 1Kg, local",Au Bon Marche Nambatu, ,0,Y,395,390,495,195,450,450,450,150,150,150,195,,,190,395,,,195,195,195,,,,,,,,,,,,,,,195,195,195,225,225,225,200,200,200,200,550,550,
246,Potato,"Potatoes, white, loose, per Kg","White potatoes, 1Kg, local",Traverso, ,0,Y,225,400,495,495,360,225,180,180,180,180,,195,195,230,260,260,260,,,,260,260,260,260,260,260,200,,260,260,260,200,260,260,,350,280,450,350,,380,295,295,380,380,380,
247,Potato,"Potatoes, white, loose, per Kg","White not washed potatoes, 1Kg, local",Au Bon Marche Manples, ,0,Y,295,490,490,490,450,450,160,150,150,150,195,,,195,125,125,125,195,195,195,195,195,195,195,195,195,350,450,195,195,195,350,195,195,195,195,195,225,225,,,200,200,200,200,200,
248,Potato,"Potatoes, white, loose, per Kg","Sweet white kumala, local, 5 baskets, 500-600vt",Market House, ,0,Y,295,295,1000,1000,1000,1000,1200,1200,1200,1200,,,,1000,1000,14,14,1200,1200,1200,1200,1200,1200,1200,1200,1200,1200,,1200,,1600,1200,1200,1200,2200,,,,3000,3000,3000,3000,2500,2800,,,
249,Carrot imported,"Carrots, imported, loose, per Kg","Carrots, 1Kg",Au Bon Marche Nambatu, ,0,Y,260,500,265,320,330,330,330,550,550,550,330,,,,295,295,330,330,330,330,330,330,330,330,330,330,,,330,330,330,,330,330,330,350,390,395,395,395,395,395,395,395,200,200,
250,Carrot imported,"Carrots, imported, loose, per Kg","Carrots, 1Kg, imported",Au Bon Marche Manples, ,0,N,250,395,390,390,390,390,,,,,330,250,250,650,295,295,330,330,330,330,330,330,330,330,330,330,350,,330,330,330,350,330,330,330,350,390,395,295,395,395,395,395,395,395,395,
251,Carrot imported,"Carrots, imported, loose, per Kg","Carrots, 1Kg",Traverso, ,0,Y,260,350,260,260,,290,,380,380,380,400,360,360,,400,450,450,450,450,450,450,450,450,450,450,450,550,330,450,450,450,550,450,450,,450,350,,450,480,480,480,480,480,480,480,
252,Carrot local,"Carrots, loose, per Kg","Fresh carrots, 1Kg",Au Bon Marche Manples, ,0,Y,260,250,260,260,330,330,300,550,550,550,,,,,,,,,,,,,,,,,,,,,,,,,330,,,,,,,,,,,,
253,Carrot local,"Carrots, loose, per Kg","Fresh carrots, local, 5 bundles, 100vt",Market House, ,0,Y,100,280,300,200,200,200,,,,,,,,,,,,,,,,,,,,,,300,,500,500,,,,500,1000,750,1000,,1000,800,500,,1000,,395,
254,Radish,"Radish, pkt, per Kg","Radish, 1Kg",Au Bon Marche Nambatu, ,0,Y,1200,1500,1220,980,,980,,250,250,250,250,,,,,,180,,,,180,180,180,180,180,180,,,180,180,180,,180,180,,,,,,,,,,,395,,
255,Radish,"Radish, pkt, per Kg","Radish, Pkt",Au Bon Marche Manples, ,0,Y,180,180,180,180,,180,,,,,,,,,,,180,,,,180,180,180,180,180,180,,,180,180,180,,180,180,295,,,,,,,,,,,,
256,Radish,"Radish, pkt, per Kg","Radish, Pkt",Traverso, ,0,Y,250,200,265,265,,250,180,250,250,250,,,,,,,,,,,,,,,,,,,,,,,,,,,350,,380,380,,,395,395,,,
257,Radish,"Radish, pkt, per Kg","Radish, local, 5bundles, 100vt",Market House, ,0,Y,180,200,200,200,200,,,,,,,,,200,,300,300,200,200,200,300,300,300,300,300,300,,,300,,,,300,300,,,,,1000,750,750,,400,400,1000,,
258,Lettuce local,"Lettuce, per Kg","Lettuce, 1Kg, local",Au Bon Marche Nambatu, ,0,Y,235,250,,950,450,450,,350,350,350,180,,,240,240,,,365,365,365,,,,,,,,,,,,,,,295,550,,,,560,,270,,270,270,,
259,Lettuce local,"Lettuce, per Kg","Lettuce, 1Kg, local",Au Bon Marche Manples, ,0,Y,245,200,,,,,180,180,180,180,,180,180,240,240,240,240,365,365,365,365,365,365,365,365,365,270,290,365,365,365,270,365,365,270,,,,,1125,,270,,270,20,,
260,Lettuce local,"Lettuce, per Kg","Lettuce, 1Kg, local",Traverso, ,0,Y,260,150,200,200,180,180,220,250,250,250,200,200,200,200,200,220,,220,220,220,,,,,,,250,,,,,250,,,,700,,,720,250,250,250,250,250,250,250,
261,Lettuce local,"Lettuce, per Kg","Lettuce, local, 5 medium rings, 300-400vt",Market House, ,0,Y,200,400,1200,1200,1200,1200,,1500,1500,1500,600,,,,,1000,1000,750,750,750,1000,1000,1000,1000,1000,1000,800,1900,1000,,,800,1000,1000,350,2000,1000,2000,1500,2500,1200,,,1500,1000,,
262,Lettuce imported,"Lettuce, imported, per Kg","Lettuce, 1Kg, imported",Au Bon Marche Nambatu, ,0,Y,650,650,320,950,,,,250,250,250,,,,,,,365,,,,365,365,365,365,365,365,,,365,365,365,,365,365,1200,1200,1200,,,1225,850,,,,650,,
263,Lettuce imported,"Lettuce, imported, per Kg","Lettuce, 1Kg, imported",Au Bon Marche Manples, ,0,Y,650,650,650,650,650,650,,,,,,,,,,,365,,,,365,365,365,365,365,365,,,365,365,365,,365,365,1200,1200,,,,,850,,,,,,
264,Lettuce imported,"Lettuce, imported, per Kg","Lettuce, 1Kg, imported",Traverso, ,0,Y,650,650,650,650,450,,220,,,,,,,200,,,,,,,,,,,,,180,,,,,180,,,,,700,,,,,,,,,,
265,Tomato imported,"Tomato, loose, per Kg","Tomato, 1Kg, imported",Au Bon Marche Nambatu, ,0,Y,950,1400,900,1400,,,1200,1200,1200,1200,,,,,,,,,,,,,,,,,,,,,,,,,,,,,,,,,,,,,
266,Tomato local,"Tomato, local, loose, per Kg","Tomato, 1Kg, local",Au Bon Marche Manples, ,0,Y,900,100,300,300,300,300,,,,,,,,,,,450,,,,450,450,450,450,450,450,,,450,450,450,,450,450,1600,,,,,1500,,,,,850,,
267,Tomato imported,"Tomato, loose, per Kg","Tomato, 1Kg, imported, small size",Traverso, ,0,Y,1000,1400,1400,1400,,450,,800,800,800,,1200,1200,,,1350,550,1000,1000,1000,550,550,550,550,550,550,650,,550,550,550,650,550,550,,,,,1800,,,,,,,,
268,Tomato imported,"Tomato, loose, per Kg","Tomato, local, 10 fruits, big size, 50-60vt",Market House, ,0,Y,300,200,500,400,400,500,,,,,,,,,,500,500,800,800,800,800,800,800,800,800,800,,300,800,,,,800,800,650,1350,1200,1500,2500,1300,500,,2500,1200,150,1500,
269,Tomato imported,"Tomato, loose, per Kg","Tomato, 1Kg, imported",Au Bon Marche Nambatu, ,0,Y,1200,1400,1400,1400,,1400,,,,,,,,950,1200,,450,1200,1200,1200,1200,1200,1200,1200,1200,1200,,,1200,1200,1200,,1200,1200,1200,1800,,1800,,1500,560,1500,1500,1500,,,
270,Tomato imported,"Tomato, imported, loose, per Kg","Tomato, 1Kg, imported",Au Bon Marche Manples, ,0,Y,1150,1400,1400,1400,1400,1400,,,,,1500,1500,1500,1500,1200,,,,,,,,,,,,,,,,,,,,1600,1800,,1800,1500,,1500,1500,1500,1500,,,
271,Tomato imported,"Tomato, loose, per Kg","Tomato, 1Kg, imported, big size",Traverso, ,0,Y,1090,1400,1400,1400,,950,,,,,,,,1350,1500,1000,,,,,,,,,,,800,,,,,800,,,,,650,,,,,1650,1650,1950,,,
272,Cucumber,"Cucumber, loose, per Kg","Cucumber, 1Kg",Au Bon Marche Nambatu, ,0,Y,650,650,550,320,,320,650,350,350,350,350,,,450,250,450,350,450,450,450,450,450,450,450,450,450,,,450,450,450,,450,450,,650,,,665,665,450,910,450,450,450,450,
273,Cucumber,"Cucumber, loose, per Kg","Cucumber, 1Kg",Au Bon Marche Manples, ,0,Y,330,330,330,330,330,330,450,,,,350,350,350,350,250,250,350,250,250,250,350,350,350,350,350,350,,330,350,350,350,,350,350,330,,,,,,665,,,450,,,
274,Cucumber,"Cucumber, loose, per Kg","Cucumber, 1Kg",Traverso, ,0,Y,260,260,260,260,,260,260,250,250,250,250,250,250,,250,250,250,280,280,280,250,250,250,250,250,250,300,,250,250,250,300,250,250,,450,,550,550,550,550,550,550,550,,,
275,Cucumber,"Cucumber, loose, per Kg","Cucumber, local,5medium size, 100vt each",Market House, ,0,Y,200,200,200,200,200,200,200,200,200,200,200,,,200,200,200,200,200,200,200,200,200,200,200,200,200,200,500,200,580,580,200,200,200,650,2050,750,500,650,750,550,800,500,500,350,350,
276,Beans,"Long beans, loose, per Kg","Long beans, 1Kg",Au Bon Marche Nambatu, ,0,Y,180,250,220,295,,,180,,,,180,,,,,,,,,,,,,,,,,,,,,,,,,,,,300,,300,,,,,,
277,Beans,"Long beans, loose, per Kg","Long beans, Pkt, local",Au Bon Marche Manples, ,0,Y,221,250,250,250,250,250,180,,,,,,,295,,,,,,,,,,,,,380,,,,,380,,,,,,,,,,,,,,,
278,Beans,"Long beans, loose, per Kg","Long beans, 1Kg",Traverso, ,0,Y,221,100,250,,,150,,,,,,,,,,,,180,180,180,,,,,,,,,,,,,,,,,,390,,295,,,,,,295,
1100,DVD player,"DVD player, name brand, single disc","DVD player, shenger, MPEG 4, photo of Rastaman",9 Ocean shopping centre,0,8,N,300,300,300,,,,,,,,,,,,,,,,,,,,,,,,,,,,,,,,,,,,,,,,,,,,
280,Beans,"Dwarf beans, loose, per Kg","Dwarf beans, 1Kg",Au Bon Marche Nambatu, ,0,Y,700,450,650,320,,320,750,750,750,750,550,,,,550,850,550,550,550,550,550,550,550,550,550,550,,,550,550,550,,550,550,,650,,,850,850,850,850,850,850,850,850,
281,Beans,"Dwarf beans, loose, per Kg","Dwarf beans, 1Kg",Au Bon Marche Manples, ,0,Y,560,300,300,300,300,300,,,,,,585,585,,,550,550,550,550,550,550,550,550,550,550,550,,,550,550,550,,550,550,270,550,,,,560,560,,560,560,,,
282,Beans,"Dwarf beans, loose, per Kg","Dwarf beans Skyland, 1Kg",Traverso, ,0,Y,380,200,380,380,,295,,295,295,295,420,650,650,,,,850,,,,850,850,850,850,850,850,650,,850,850,850,650,850,850,,,,,650,850,,450,450,450,,,
283,Beans,"Dwarf beans, loose, per Kg","Dwarf beans, local, 5 plastics for 100-150vt",Market House, ,0,Y,200,300,300,300,300,400,300,,,,600,,,,,300,300,300,300,300,300,300,300,300,300,300,400,600,300,1000,1000,400,300,300,1200,,1250,500,1500,1000,1000,1000,1000,1000,1000,1000,
284,Pumpkin,"Pumpkin, per Kg","Pumpkin, 1Kg",Au Bon Marche Nambatu, ,0,Y,250,300,320,450,250,250,250,,,,,,,,350,350,,,,,,,,,,,,,,,,,,,,,350,360,360,360,360,,360,360,360,,
285,Pumpkin,"Pumpkin, per Kg","Pumpkin, 1Kg",Au Bon Marche Manples, ,0,Y,150,295,235,235,235,235,,250,250,250,300,250,250,,,350,350,,,,350,350,350,350,350,350,850,330,350,350,350,850,350,350,,,350,350,360,360,360,,,,360,,
286,Pumpkin,"Pumpkin, per Kg","Pumpkin, 1Kg",Traverso, ,0,Y,200,450,400,400,,220,,220,220,220,220,220,220,220,220,,250,250,250,250,250,250,250,250,250,250,250,,250,250,250,250,250,250,,350,150,,250,295,,295,295,295,255,,
287,Pumpkin,"Pumpkin, per Kg","Pumpkin, 5 medium size, yellow, 200-300vt",Market House, ,0,Y,200,400,400,600,600,600,400,,,,600,,,,,600,600,,,,600,600,600,600,600,600,700,1900,600,1200,1200,700,600,600,1900,1000,1500,1500,1500,800,1600,,2500,1000,1250,1250,
288,Garlic,"Garlic, loose, per Kg","Garlic, 1Kg",Au Bon Marche Nambatu, ,0,Y,995,995,995,1080,995,995,1200,800,800,800,1200,,,550,550,680,980,980,980,980,980,980,980,980,980,980,,950,980,980,980,,980,980,,995,990,1200,1200,1200,1200,950,950,950,950,,
289,Garlic,"Garlic, loose, per Kg","Garlic, 1Kg",Au Bon Marche Manples, ,0,Y,800,995,995,995,995,995,1200,800,800,800,200,950,950,550,550,680,680,980,980,980,680,680,680,680,680,680,350,950,680,680,680,350,680,680,,995,995,1200,1200,1200,1200,995,950,950,950,,
290,Garlic,"Garlic, loose, per Kg","Garlic, 1Kg",Traverso, ,0,Y,850,1150,850,850,,850,790,850,850,850,,,,990,990,990,990,990,990,990,990,990,990,990,990,990,950,,990,990,990,950,990,990,,1650,1950,1450,1450,1450,1450,1650,1650,1650,1650,1650,
291,Corn,"Corn, loose, per Kg","Sweet Corn, 1Kg",Au Bon Marche Nambatu, ,0,Y,295,340,295,535,,320,,,,,,,,,340,,350,,,,350,350,350,350,350,350,,330,350,350,350,,350,350,,,,,,,,,,,,,
292,Corn,"Corn, loose, per Kg","Sweet Corn, 1Kg",Au Bon Marche Manples, ,0,Y,290,299,299,299,300,300,,,,,,,,,,,350,,,,350,350,350,350,350,350,1200,,350,350,350,1200,350,350,,,,995,,,,,,,,,
293,Corn,"Corn, loose, per Kg","Sweet Corn, Pkt",Traverso, ,0,Y,290,260,295,295,,190,,,,,,320,320,,,,,,,,,,,,,,,,,,,,,,,,,,180,,,,,150,150,,
294,Corn,"Corn, loose, per Kg","Corn, local,5 bundles, 100vt",Market House, ,0,Y,200,200,300,300,300,300,300,,,,,,,,300,300,300,600,600,600,300,300,300,300,300,300,450,300,300,,,450,300,300,450,,,1000,1000,1000,1000,1000,,,,,
295,Onion,"Onions, loose, per Kg","Onions, 1Kg",Au Bon Marche Nambatu, ,0,Y,195,195,190,195,150,150,160,155,155,155,195,,,190,130,130,130,195,195,195,130,130,130,130,130,130,,195,130,130,130,,130,130,195,195,195,200,200,200,200,200,200,200,200,200,
296,Onion,"Onions, loose, per Kg","Onions, 1Kg",Au Bon Marche Manples, ,0,Y,155,180,150,150,150,150,155,160,160,160,195,165,165,195,130,,130,195,195,195,130,130,130,130,130,130,195,195,130,130,130,195,130,130,195,195,195,200,200,200,,200,200,200,200,200,
297,Onion,"Onions, loose, per Kg","Onions, 1Kg",Traverso, ,0,Y,255,190,250,190,,225,,160,160,160,,195,195,450,260,130,260,260,260,260,260,260,260,260,260,260,200,280,260,260,260,200,260,260,,280,280,350,350,380,380,380,380,380,380,,
298,Beema (chili),"Chilli, loose, per Kg","Chili, local, 5 plastics for 100vt",Market House, ,0,Y,500,500,300,300,300,300,300,,,,300,,,300,300,300,300,300,300,300,300,300,300,300,300,300,300,300,300,,,300,300,300,,,500,1000,500,1000,500,1000,500,800,500,500,
299,Bowl cabbage,"Cabbage, bowl, per Kg","Bowl cabbage, single, local, 5 medium size, 100-200vt",Market House, ,0,Y,200,200,600,300,300,600,600,,,,,,,,,300,300,,,,300,300,300,300,300,300,600,900,300,500,500,600,300,300,900,,500,3500,,1050,950,,400,800,570,570,
300,Chinese cabbage,"Cabbage, Chinese, per Kg","Chinese cabbage, local, medium size, 5 bundles, 100-200vt",Market House, ,0,Y,200,100,450,300,300,600,600,600,600,600,600,,,450,600,300,300,,,,300,300,300,300,300,300,250,500,300,1200,1200,250,300,300,500,850,1100,1000,1000,1000,1000,,800,850,1000,,
302,Ginger,"Ginger, loose, per Kg","Ginger, local, 5 bundles/plastics, 200vt",Market House, ,0,Y,150,100,1000,500,500,500,1000,,,,500,,,,1000,1000,1000,500,500,500,1000,1000,1000,1000,1000,1000,750,,1000,,,750,1000,1000,,,1000,500,1600,750,550,600,500,400,,,
303,"Laplap (Yam, banana)","Laplap (Yam, banana), standard?, per Kg?","4 pieces Laplap, local, medium size, yam, banana, taro, manioc",Market House, ,10,N,800,800,800,,,,,,,,,,,,,,,,,,,,,,,,,,,,,,,,,,,,,,,,,,,,
305,"Herbs, fresh","Parsley, bunch, per Kg","Parsley, local, 10 bundles, 100vt",Market House, ,0,Y,600,600,1000,1000,1000,1000,1000,,,,,,,,600,,1000,1000,1000,1000,450,450,450,450,450,450,200,,450,,,200,450,450,,,1000,1000,1000,1000,1000,1000,1000,1000,,,
306,Pumpkin top,"Pumpkin top, loose, per Kg","Top of pumkin, local, 3 medium size bundles, 100 - 150vt",Market House, ,0,Y,150,100,300,300,300,300,300,,,,300,,,,450,450,450,600,600,600,300,300,300,300,300,300,,,300,450,450,,300,300,450,,,,1000,,,,100,400,,,
307,Snake beans,"Snake Beans, loose, per Kg","Snake beans, local, 3 medium size bundles, 100vt",Market House, ,0,Y,100,200,300,300,300,300,300,,,,,,,,450,300,300,300,300,300,300,300,300,300,300,300,300,300,300,600,600,300,300,300,600,,1000,,300,400,1000,,750,400,,,
308,Spring onion,"Spring onions, loose, per Kg","Spring onion, local, 5 medium size bundles, 100vt",Market House, ,0,Y,500,500,500,500,500,500,500,,,,,,,500,500,500,500,500,500,500,500,500,500,500,500,500,500,,500,500,500,500,500,500,,,1000,750,1000,1000,1000,1000,1000,1000,,,
309,Sugarcane,"Sugurcane, unit? Weight? Per Kg?","Sugarcane, local, 5 long ones for 1.5m",Market House, ,0,Y,200,300,500,500,500,,500,,,,,,,,500,,,,,,,,,,,,,,,,,,,,,,,,,,,,,,,,
310,Vanilla bean,"Vanilla, loose, per Kg","Vanilla, 1Kg, local",Market House, ,0,Y,100,100,,,,,,,,,,,,,,,,,,,,,,,,,,,,,,,,,,,,,,,,,,,,,
311,Water kress,"Water kress, per Kg","Water kress, local, 3 medium size bundles for 100-150vt",Market House, ,0,Y,300,300,300,300,300,300,450,600,600,600,,,,450,,450,450,,,,450,450,450,450,450,450,600,,450,,,600,450,450,,,1000,1000,1000,1000,1000,1000,600,1000,,,
499,"Herbs, fresh","Parsley, bunch, per Kg",Parsley,Tebakor Shopping Center, ,0,N,1000,1000,180,,,,,,,,,,,,,,,,,,,,,,,,,,,,,,,,,,,,,,,,,,,,
1101,"Herbs, fresh","Parsley, bunch, per Kg","Parsley, packet in plastic bag",Traverso, ,0,N,250,250,250,250,,,,,,,,,,,,,,,,,,,,,,,,,,,,,,,,,,,,,,,,,,,
1081,"Coconut, dried","Coconut, dried, per Kg?","Coconut, dried, 5bundles, medium size, 10-12 fruits, 100-150vt",Market House, ,0,Y,300,300,300,300,300,450,300,600,600,600,600,,,600,450,450,450,450,450,450,450,450,450,450,450,450,700,750,450,1500,1500,700,450,450,1400,400,1400,1500,1000,1250,1200,1500,1150,1500,1250,1500,
1082,Passion fruits,"Passion fruits, fresh, local","Passion fruits, three plastics for 100VT",Market House, ,0,Y,300,300,300,300,300,300,300,,,,,,,300,300,,300,300,300,300,300,300,300,300,300,300,,,300,,,,300,300,,,,,500,500,1250,1000,1000,1000,,,
1084,Island cabbage,"Cabbage, Island, per Kg","Island Cabbage, 1 bundle",Market House, ,0,Y,1000,1000,1000,,,,100,,,,,,,,,,,,,,,,,,300,300,300,,300,600,600,300,,,,,,,,,,,,,,,
1118,DVD player,"DVD player, name brand, single disc","DVD player, shenger, MPEG 4, photo of Rastaman",9 Ocean shopping centre,0,8,N,,,,,,,,,,,,,,,,,,,,,,,,,,,,,,,,,,,,,,,,,,,,,,,
1120,Island cabbage,"Cabbage, Island, per Kg","Island Cabbage, 5bundles",Market House, ,0,Y,,,,300,300,,,300,300,300,,,,450,100,150,300,150,150,150,450,450,450,450,450,450,600,,450,,,600,450,450,1000,700,1000,750,400,700,1050,1000,400,1000,,1000,
1137,"Banana, cooking","Banana, cooking, bunch, per Kg","Banana, cooking, 5 bunchs, medium, 10-12 fruits, 100-150vt",Market House, ,0,Y,,,500,500,500,,450,,,,,,,300,450,450,450,900,900,900,450,450,450,450,450,450,,,1500,,,,450,450,4300,,3300,3500,2900,4300,3750,2300,2800,2600,1000,1000,
1179,Tomato local,"Tomato, local, loose, per Kg","Tomato, local, per Kg",Au Bon Marche Nambatu, ,0,Y,,,,,,,,,,,1500,,,600,900,1200,,,,,,,,,,,1800,950,,,,1800,,,,,950,,,870,,,,,850,,
1180,Tomato local,"Tomato, local, loose, per Kg","Tomato, local, per Kg",Traverso, ,0,Y,,,,,,450,,,,,230,1200,1200,,1500,,450,,,,450,450,450,450,450,450,200,,450,450,450,200,450,450,,1450,,,,650,450,,,,650,,
1181,French loaf 30 cm,"French loaf, 30 cm, unsliced","French loaf freshly packed, 30 cm, Ah Pow, 10 loaves",Tebakor Shopping Center, ,0,Y,,,,,,600,,,,,600,,,600,600,600,600,,,,600,600,600,600,600,600,600,600,600,600,600,600,600,600,,,,600,600,,,,,,,600,
1182,Rock melon,"Rock melon, loose, per Kg","Water melon, local",Traverso, ,0,Y,,,,,,390,,,,,,,,,,,,300,300,300,,,,,,,800,,,,,800,,,,,350,,,,580,,,,580,580,
1183,French loaf 30 cm,"French loaf, 30 cm, unsliced","French loaf freshly packed, 30 cm, Ah Pow, 10 loaves",Au Bon Marche Nambatu, ,0,Y,,,,,,,600,600,600,600,600,,,,600,600,600,600,600,600,600,600,600,600,600,600,,600,600,600,600,,600,600,600,,510,510,510,,,600,600,600,600,600,
1184,Potato,"Potatoes, white, loose, per Kg","White washed potatotes, 1Kg",Traverso, ,0,Y,,,,,,360,360,360,360,360,490,450,450,450,260,,260,,,,260,260,260,260,260,260,,,260,260,260,,260,260,,,,,,,,,,,,,
1185,"Herbs, fresh","Parsley, bunch, per Kg","Parsley, bunch wrapped in plastic",Traverso, ,0,Y,,,,,,185,180,180,180,180,180,180,180,,200,200,200,200,200,200,200,200,200,200,200,200,200,,200,200,200,200,200,200,,200,,200,1000,200,200,200,200,200,200,200,
1465,Ginger,"Ginger, loose, per Kg","Ginger, loose, 1kg",Au Bon Marche Manples, ,0,Y,,,,,,,750,750,750,750,,,,,,,,,,,,,,,,,,,,,,,,,,,,,,,,,,,,,
1466,Ginger,"Ginger, loose, per Kg","Ginger, loose, 1kg",Au Bon Marche Nambatu, ,0,Y,,,,,,,750,750,750,750,,,,,,,,,,,,,,,,,250,,,,,250,,,,,,,,,,,,,,,
1467,Ginger,"Ginger, loose, per Kg","Ginger, loose, 1kg",Traverso, ,0,Y,,,,,,,,,,,,,,,,,,,,,,,,,,,,,,,,,,,,,,,,,,,,,,,
1468,Yam,"Yam, Per Kilo",Yam per Kilo,Au Bon Marche Manples, ,0,Y,,,,,,,300,300,300,300,300,,300,,,,,,,,,,,,,,,,,,,,,,,,,,,,,,,,,,
1469,Yam,"Yam, Per Kilo",Yam per Kilo,Au Bon Marche Nambatu, ,0,Y,,,,,,,300,300,300,300,300,,300,,,,,,,,,,,,,,250,,,,,250,,,,,,,,,,,,850,,,
1470,Sweet Potato (Kumala),Kumala Per Kilo,"Kumala, Per Kilo",Au Bon Marche Manples, ,0,Y,,,,,,,150,150,150,150,150,,150,150,,,,,,,,,,,,,,,,,,,,,,,,,,,,,,255,,255,
1471,Sweet Potato (Kumala),Kumala Per Kilo,"Kumala, Per Kilo",Au Bon Marche Nambatu, ,0,Y,,,,,,,150,150,150,150,150,,150,150,,,,,,,,,,,,,,,,,,,,,,,,,,,,,,,255,255,
1472,Taro (Fiji),Taro (Fiji) Per Kilo,"Taro, (Fiji) Per Kilo",Au Bon Marche Manples, ,0,Y,,,,,,,180,180,180,180,180,,180,180,,,,,,,,,,,,,,,,,,,,,,,,,,,,,,,,,
1473,Taro (Fiji),Taro (Fiji) Per Kilo,"Taro, (Fiji) Per Kilo",Au Bon Marche Nambatu, ,0,Y,,,,,,,180,180,180,180,180,,180,180,,,,,,,,,,,,,250,,,,,250,,,,,,,,,,,,255,255,,
1474,"Banana, cooking","Banana, cooking, bunch, per Kg","Banana, Cooking, Per Kilo",Au Bon Marche Manples, ,0,Y,,,,,,,250,250,250,250,250,,250,250,,,,,,,,,,,,,,,,,,,,,,,,,,,,,,,,,
1475,"Banana, cooking","Banana, cooking, bunch, per Kg","Banana, Cooking, Per Kilo",Au Bon Marche Nambatu, ,0,Y,,,,,,,150,150,150,150,150,,150,150,,,,,,,,,,,,,,,,,,,,,,,,,,,,,,,,,
1476,Potato,"Potatoes, white, loose, per Kg","Potatoes, white, washed potatoe, loose, per kilo",Au Bon Marche Nambatu, ,0,Y,,,,,,,360,360,360,360,360,,360,360,,,,,,,,,,,,,,,,,,,,,,,,,,,,,,,,,
1477,"Coconut, dried","Coconut, dried, per Kg?","Dry Coconut, Per kilo",Au Bon Marche Nambatu, ,0,Y,,,,,,,,,,,40,,40,40,,,,,,,,,,,,,250,,,,,250,,,,,,,,,,,,100,100,100,
1478,"Coconut, dried","Coconut, dried, per Kg?","Dry Coconut, Per kilo",Au Bon Marche Manples, ,0,Y,,,,,,,,,,,40,,40,40,,,,,,,,,,,,,,,,,,,,,,,,,,,,,,,,,
1480,English loaf 30 cm,"English loaf, 30 cm, unsliced","English local loaf, 3 loaves",Market House, ,0,Y,,,,,,,,360,360,360,360,,360,360,,,360,,,,360,360,360,360,360,360,300,,360,300,300,300,360,360,,,,,,,,,,,,,
1481,French loaf 30 cm,"French loaf, 30 cm, unsliced","French loaf freshly packed, 30 cm, loaf shack, 10 loaves",Traverso, ,0,Y,,,,,,,,600,600,600,600,,600,600,,,,,,,,,,,,,,,,,,,,,,,,,,,,,,,,,
1592,Water kress,"Water kress, per Kg","Water kress, local,5 medium size bundles for 100-150vt",Market House, ,0,Y,,,,,,,,,,600,600,,600,600,,,,,,,,,,,300,300,450,,300,,,450,,,,,,,,,,,,,,,
