Item ID,Eas,Specification,LocalDescription,OutletName,Address,CollDay,Active,Dec-08,Mar-09,Jun-09,Sep-09,Dec-09,Mar-10,Jun-10,Sep-10,Dec-10,Mar-11,Jun-11,Sep-11,Dec-11,Mar-12,Jun-12,Sep-12,Dec-12,Mar-13,Jun-13,Sep-13,Dec-13,Mar-14,Jun-14,Sep-14,Dec-14,Mar-15,Jun-15,Sep-15,Dec-15,Mar-16,Jun-16,Sep-16,Dec-16,Mar-17,Jun-17,Sep-17,Dec-17,Mar-18,Jun-18,Sep-18,Dec-18,Mar-19,Jun-19,Sep-19,Dec-19,Mar-20,Jun-20
15,English loaf 30 cm,"English loaf, 30 cm, unsliced","English local loaf, freshly packed, sliced, Santo Bakery (WSS)",Kwang sing Store,Luganville,0,N,200,200,200,200,,,,,,,,,,,,,,,,,,,,,,,,,,,,,,,,,,,,,,,,,,,
16,English loaf 30 cm,"English loaf, 30 cm, unsliced","English local loaf, freshly packed, sliced, Santo Bakery (WSS)",Wong Sze Sing,Luganville,0,N,200,190,190,190,,,,,,,,,,,,,,,,,,,,,,,,,,,,,,,,,,,,,,,,,,,
17,English loaf 30 cm,"English loaf, 30 cm, unsliced","English local loaf, freshly packed, sliced, Santo Bakery (WSS)",LCM Store,Luganville,0,N,200,200,200,190,,,,,,,,,,,,,,,,,,,,,,,,,,,,,,,,,,,,,,,,,,,
18,English loaf 30 cm,"English loaf, 30 cm, unsliced","English local loaf, freshly packed, sliced, Santo Bakery (WSS)",Unity Shell Store,Luganville,0,N,200,190,190,190,,,,,,,,,,,,,,,,,,,,,,,,,,,,,,,,,,,,,,,,,,,
19,French loaf 30 cm,"French loaf, 30 cm, unsliced","French loaf freshly packed, Santo Bakery, WSS",Au Bon Marche,Luganville,0,N,300,300,300,300,,,,,,,,,,,,,,,,,,,,,,,,,,,,,,,,,,,,,,,,,,,
20,French loaf 30 cm,"French loaf, 30 cm, unsliced","French loaf freshly packed, Santo Bakery, WSS",Wong Sze Sing,Luganville,0,N,300,300,300,300,,,,,,,,,,,,,,,,,,,,,,,,,,,,,,,,,,,,,,,,,,,
21,French loaf 30 cm,"French loaf, 30 cm, unsliced","French loaf freshly baked 10 loaves, Santo Bakery, WSS",Ah Pow Store,Luganville,0,N,300,300,300,300,,,,,,,,,,,,,,,,,,,,,,,,,,,,,,,,,,,,,,,,,,,
22,French loaf 30 cm,"French loaf, 30 cm, unsliced","French loaf freshly packed, Santo Bakery, WSS",Unity Shell Store,Luganville,0,N,300,300,300,300,,,,,,,,,,,,,,,,,,,,,,,,,,,,,,,,,,,,,,,,,,,
108,"Banana, eating","Banana, eating, bunch, per Kg","Ripe banana, 1 boat shape",Market House,Luganville,0,N,100,100,100,150,300,300,,,,,,,,,,,,,,,,,,,,,,,,,,,,,,,,,,,,,,,,,
109,Pawpaw,"Pawpaws, loose, per Kg","Pawpaw, 3 fruits",Market House,Luganville,0,Y,50,50,50,50,100,300,150,300,190,190,120,180,120,170,200,300,300,250,250,300,300,320,100,290,190,250,300,250,200,350,130,250,200,90,300,400,190,240,300,,270,200,180,180,,300,
110,Green coconut,"Green coconut, piece, per Kg","Green coconut, 1 fruit",Market House,Luganville,0,N,30,20,20,60,60,60,,,,,,,,,,,,,,,,,,,,,,,,,,,,,,,,,,,,,,,,,
111,Lime,"Limes, loose, per Kg","Lime, 3 pkt/plastic, local",Market House,Luganville,0,N,100,100,100,100,300,300,,,,,,,,,,,,,,,,,,,,,,,,,,,,,,,,,,,,,,,,,
114,Sweet Potato (Kumala),"Sweet potato (kumala), basket, per Kg","Sweet potato (kumala), 2 basket, local",Market House,Luganville,0,N,500,500,500,1000,1000,800,1000,,,,,,,,,,,,,,,,,,,,,,,,,,,,,,,,,,,,,,,,
115,Manioc,"Manioc (kassava), basket, per Kg","Manioc, 2 basket, local",Market House,Luganville,0,N,300,500,500,1000,800,800,,,,,,,,,,,,,,,,,,,,,,,,,,,,,,,,,,,,,,,,,
116,Taro (Fiji),"Taro, basket, per Kg","Taro (Fiji), 2 basket, local",Market House,Luganville,0,N,500,400,400,1200,900,900,,,,,,,,,,,,,,,,,,,,,,,,,,,,,,,,,,,,,,,,,
117,Potato,"Potatoes, white, loose, per Kg","White potato, imported, Australia",Wong Sze Sing,Luganville,0,Y,200,200,200,200,200,,200,200,200,200,250,250,,,250,250,250,,250,250,250,,250,250,250,250,250,250,250,250,250,250,250,250,,,250,320,,,280,300,300,300,,300,
118,Beans,"Long beans, loose, per Kg","Long Beans,  3 bundle, local",Market House,Luganville,0,N,50,50,50,500,150,150,,,,,,,,,,,,,,,,,,,,,,,,,,,,,,,,,,,,,,,,,
120,Carrot local,"Carrots, loose, per Kg","Carrot, 1Kg, local",LCM Store,Luganville,0,N,300,300,300,300,280,380,,,,,,,,,,,,,,,,,,,,,,,,,,,,,,,,,,,,,,,,,
121,Onion,"Onions, loose, per Kg","Onion, 1Kg, Australia",LCM Store,Luganville,0,Y,150,160,160,160,160,200,200,200,200,200,220,190,,200,200,200,200,200,,200,200,230,220,200,200,220,200,200,240,240,240,,240,240,240,220,220,150,150,,240,240,240,240,,300,
526,Island cabbage,"Cabbage, Island, per Kg","Island cabbage,3 bundles, local",Market House,Luganville,0,N,,500,500,500,150,150,,,,,,,,,,,,,,,,,,,,,,,,,,,,,,,,,,,,,,,,,
527,Island taro,"Island taro, basket, per Kg","Island taro, one bundle, per kg",Market House,Luganville,0,N,,1000,1000,1000,,,,,,,,,,,,,,,,,,,,,,,,,,,,,,,,,,,,,,,,,,,
528,Yam,"Yam, basket, per Kg","Yam, 2 baskets, local",Market House,Luganville,0,N,,2000,2000,2000,2000,2000,2000,,,,,,,,,,,,,,,,,,,,,,,,,,,,,,,,,,,,,,,,
529,Beema (chili),"Chilli, loose, per Kg","Chilli, local, 3 plastics",Market House,Luganville,0,Y,,300,300,300,300,100,100,300,150,150,,,,,,,,150,,340,,,,,,,,,,,300,,300,,,150,,,300,,300,300,300,300,,,300
530,Bowl cabbage,"Cabbage, bowl, per Kg","Cabbage, bowl (round cabbage)",Market House,Luganville,0,Y,,300,300,100,300,300,,370,450,450,,300,300,,500,350,350,,600,,360,,,400,130,,,500,100,,,600,350,,,700,,,350,,300,400,450,300,,,
531,Carrot imported,"Carrots, imported, loose, per Kg","Carrots, imported, loose, per kg",LCM Store,Luganville,0,N,,100,100,100,100,,100,,,,,,,,,,,,,,,,,,,,,,,,,,,,,,,,,,,,,,,,
532,Carrot local,"Carrots, loose, per Kg","Carrots, local, 3 bundles",Market House,Luganville,0,Y,,200,200,200,200,,,300,,,,,,,,,,,,,,,,100,,,,,,,,,,,,900,,,,,,,,,,,
533,Chinese cabbage,"Cabbage, Chinese, per Kg","Chinese cabbage, 3 bundles",Market House,Luganville,0,Y,,300,300,300,150,,300,250,250,250,300,300,300,300,300,300,300,300,300,300,300,,300,300,300,300,300,,,,,300,,300,,300,300,300,300,,300,300,300,300,,,300
534,Corn,"Corn, loose, per Kg","Corn, loose, per kg",Market House,Luganville,0,N,,300,300,300,300,300,,,,,,,,,,,,,,,,,,,,,,,,,,,,,,,,,,,,,,,,,
535,Cucumber,"Cucumber, loose, per Kg","Cucumber, loose, per kg",Market House,Luganville,0,N,,100,100,100,300,300,,,,,,,,,,,,,,,,,,,,,,,,,,,,,,,,,,,,,,,,,
536,Garlic,"Garlic, loose, per Kg","Garlic, loose, per kg",LCM Store,Luganville,0,N,,100,100,100,100,100,100,,,,,,,,,,,,,,,,,,,,,,,,,,,,,,,,,,,,,,,,
537,Ginger,"Ginger, loose, per Kg","Ginger, loose, per kg",Market House,Luganville,0,N,,500,500,400,500,200,,,,,,,,,,,,,,,,,,,,,,,,,,,,,,,,,,,,,,,,,
538,"Laplap (Yam, banana)","Laplap (Yam, banana), standard?, per Kg?","Laplap (yam, banana or any type of laplap), plus  any piece of meat",Market House,Luganville,3,N,,150,150,200,150,,,,200,200,200,,0.4,,,,,,,,,,,,,,,,,,,,,,,,,,,,,,,,,,
540,Lettuce imported,"Lettuce, imported, per Kg","Lettuce, imported, per kg",LCM Store,Luganville,0,N,,100,100,100,100,100,100,,,,,,,,,,,,,,,,,,,,,,,,,,,,,,,,,,,,,,,,
541,Lettuce imported,"Lettuce, imported, per Kg","Lettuce, imported, per kg",Au Bon Marche,Luganville,0,N,,100,100,100,100,,100,,,,,,,500,,,,,,,,,,,,,,,,,,,,,,,,,,,,,,,,,
542,Lettuce imported,"Lettuce, imported, per Kg","Lettuce, imported, per kg",Unity Shell Store,Luganville,0,Y,,100,100,100,100,,100,,,,,,,,,,,,,,,,,,,,,,,,,,,,,,,,,,,,,,,,
543,Garlic,"Garlic, loose, per Kg","Garlic, loose, per kg",Unity Shell Store,Luganville,0,N,,100,100,100,100,100,,,,,,,,,,,,,,,,,,,,,,,,,,,,,,,,,,,,,,,,,
544,Garlic,"Garlic, loose, per Kg","Garlic, loose, per kg",Wong Sze Sing,Luganville,0,N,,100,100,100,100,100,100,900,,,,,,,,,,250,1200,,,,,,,,,,,,,1200,,,,1100,,,,,,,,,,,
545,Pumpkin,"Pumpkin, per Kg","Pumpkin, 2 fruits, yellow, medium size",Market House,Luganville,0,N,,400,400,200,300,,,,,,,,,,,,,,,,,,,,,,,,,,,,,,,,,,,,,,,,,,
546,Pumpkin top,"Pumpkin top, loose, per Kg","Pumpkin top, 3 bundles",Market House,Luganville,0,Y,,300,300,100,150,,,150,,,,300,,,,,,,150,,,,300,,150,150,546,100,,,,150,,300,,300,,,,,200,300,,300,,,300
547,Lettuce local,"Lettuce, per Kg","Lettuce, local, 3 rings, per kg",Market House,Luganville,0,Y,,600,600,600,300,,,250,300,300,,300,,,300,300,,,,300,,,,300,300,,,300,300,,,,300,,,300,,,,,300,300,300,300,,,
548,Radish,"Radish, pkt, per Kg","Radish, 2 bundles",Market House,Luganville,0,N,,300,300,300,100,,,,,,,,,,,,,,,,,,,,,,,,,,,,,,,,,,,,,,,,,,
549,Snake beans,"Snake Beans, loose, per Kg","Snake beans, 3 bundles, local",Market House,Luganville,0,Y,,300,300,100,150,90,,100,150,150,300,200,250,300,300,250,250,,300,250,260,300,300,300,300,200,300,300,,300,,300,300,100,,300,300,,150,,300,300,300,300,,300,300
550,Spring onion,"Spring onions, loose, per Kg","Spring onions, Shallots, 5 bundles",Market House,Luganville,0,N,,100,500,500,250,500,,,,,,,,,,,,,,,,,,,,,,,,,,,,,,,,,,,,,,,,,
551,Tomato imported,"Tomato, imported, loose, per Kg","Tomato, imported, loose, per kg",LCM Store,Luganville,0,N,,100,100,100,100,100,,,,,,,,,,,,,,,,,,,,,,,,,,,,,,,,,,,,,,,,,
552,Tomato imported,"Tomato, imported, loose, per Kg","Tomato, imported, loose, per kg",Au Bon Marche,Luganville,0,N,,100,100,100,100,,100,,,,,,,,,,,,,,,,,,,,,,,,,,,,,,,,,,,,,,,,
553,Tomato local,"Tomato, local, loose, per Kg","Tomato, local, loose, 10 big size fruits",Market House,Luganville,0,N,,400,400,400,300,300,,,,,,,,,,,,,,,,,,,,,,,,,,,,,,,,,,,,,,,,,
554,Water kress,"Water kress, per Kg","Water Kress, bundle, per kg",Market House,Luganville,0,N,,300,300,300,150,150,,,,,,,,,,,,,,,,,,,,,,,,,,,,,,,,,,,,,,,,,
555,"Banana, cooking","Banana, cooking, bunch, per Kg","Banana, cooking, bunch, per kg",Market House,Luganville,0,N,,400,400,900,600,600,,,,,,,,,,,,,,,,,,,,,,,,,,,,,,,,,,,,,,,,,
556,"Mandarine, local","Mandarines, local, loose, per Kg","Mandarines, local, loose, 5 medium size",Market House,Luganville,0,N,,150,150,150,150,,,,,,,,,,,,,,,,,,,,,,,,,,,,,,,,,,,,,,,,,,
557,Pamplemous,"Pamplemous, loose, per Kg","Pamplemous, loose, 2 big size, green marcots",Market House,Luganville,0,N,,200,200,200,160,160,,,,,,,,,,,,,,,,,,,,,,,,,,,,,,,,,,,,,,,,,
558,Pineapples,"Pineapples, loose, per Kg","Pineapple, loose, per kg",Market House,Luganville,0,N,,400,400,400,600,400,,,,,,,,,,,,,,,,,,,,,,,,,,,,,,,,,,,,,,,,,
559,Rock melon,"Rock melon, loose, per Kg","Water melon,local, 1kg",Market House,Luganville,0,N,50,50,50,50,1200,1200,,,,,,,,,,,,,,,,,,,,,,,,,,,,,,,,,,,,,,,,,
577,Apple,"Apples, loose, per Kg",Apple item to maintain VA until real item priced,Dummy outlet,Luganville,0,N,,,,,,,,,,,,,,,,,,,,,,,,,,,,,,,,,,,,,,,,,,,,,,,
609,"Coconut, dried","Coconut, dried, per Kg?","coconut dried, place holder until real item priced",Dummy outlet,Luganville,0,N,,300,300,300,,,,,,,,,,,,,,,,,,,,,,,,,,,,,,,,,,,,,,,,,,,
626,Grapes,"Grapes, bunch, per Kg","Grapes, place holder until real item priced",Dummy outlet,Luganville,0,N,,300,300,,,,,,,,,,,,,,,,,,,,,,,,,,,,,,,,,,,,,,,,,,,,
632,"Herbs, fresh","Parsley, bunch, per Kg","a fresh herb, place holder until real item priced",Dummy outlet,Luganville,0,N,,,,,,,,,,,,,,,,,,,,,,,,,,,,,,,,,,,,,,,,,,,,,,,
641,Kiwi,"Kiwi fruit, loose, per Kg","Kiwi, place holder until real item priced",Dummy outlet,Luganville,0,N,,,,,,,,,,,,,,,,,,,,,,,,,,,,,,,,,,,,,,,,,,,,,,,
646,"Mandarine, imported","Mandarines, imported, loose, per Kg","Mandarines, imported, place holder until real item priced",Dummy outlet,Luganville,0,N,,,,,,,,,,,,,,,,,,,,,,,,,,,,,,,,,,,,,,,,,,,,,,,
659,Orange,"Oranges, loose, per Kg","Orange, place holder until real item priced",Dummy outlet,Luganville,0,N,,,,,,,,,,,,,,,,,,,,,,,,,,,,,,,,,,,,,,,,,,,,,,,
668,Pears,"Pears, loose, per Kg",Pears,Dummy outlet,Luganville,0,N,,,,,,,,,,,,,,,,,,,,,,,,,,,,,,,,,,,,,,,,,,,,,,,
704,Vanilla bean,"Vanilla, loose, per Kg","Vanilla bean (or similar), place holder until real item priced",Dummy outlet,Luganville,0,N,,,,2280,,,,,,,,,,,,,,,,,,,,,,,,,,,,,,,,,,,,,,,,,,,
716,Apple,"Apples, loose, per Kg",Apple item to maintain VA until real item priced,Dummy outlet,Luganville,0,N,,,450,,,,,,,,,,,,,,,,,,,,,,,,,,,,,,,,,,,,,,,,,,,,
847,"Coconut, dried","Coconut, dried, per Kg?","coconut dried, place holder until real item priced",Dummy outlet,Luganville,0,N,,,200,,,,,,,,,,,,,,,,,,,,,,,,,,,,,,,,,,,,,,,,,,,,
848,Grapes,"Grapes, bunch, per Kg","Grapes, place holder until real item priced",Dummy outlet,Luganville,0,N,,,450,,,,,,,,,,,,,,,,,,,,,,,,,,,,,,,,,,,,,,,,,,,,
849,"Herbs, fresh","Parsley, bunch, per Kg","a fresh herb, place holder until real item priced",Dummy outlet,Luganville,0,N,,,480,,,,,,,,,,,,,,,,,,,,,,,,,,,,,,,,,,,,,,,,,,,,
850,Kiwi,"Kiwi fruit, loose, per Kg","Kiwi, place holder until real item priced",Dummy outlet,Luganville,0,N,,,550,,,,,,,,,,,,,,,,,,,,,,,,,,,,,,,,,,,,,,,,,,,,
851,"Mandarine, imported","Mandarines, imported, loose, per Kg","Mandarines, imported, place holder until real item priced",Dummy outlet,Luganville,0,N,,,850,,,,,,,,,,,,,,,,,,,,,,,,,,,,,,,,,,,,,,,,,,,,
852,Orange,"Oranges, loose, per Kg","Orange, place holder until real item priced",Dummy outlet,Luganville,0,N,,,350,,,,,,,,,,,,,,,,,,,,,,,,,,,,,,,,,,,,,,,,,,,,
853,Pears,"Pears, loose, per Kg",Pears,Dummy outlet,Luganville,0,N,,,450,,,,,,,,,,,,,,,,,,,,,,,,,,,,,,,,,,,,,,,,,,,,
854,Vanilla bean,"Vanilla, loose, per Kg","Vanilla bean (or similar), per Kg bundle",Dummy outlet,Luganville,0,N,,,850,,,,,,,,,,,,,,,,,,,,,,,,,,,,,,,,,,,,,,,,,,,,
855,Apple,"Apples, loose, per Kg",Apple item to maintain VA until real item priced,Dummy outlet,Luganville,0,N,,,,,,,,,,,,,,,,,,,,,,,,,,,,,,,,,,,,,,,,,,,,,,,
868,"Herbs, fresh","Parsley, bunch, per Kg","Parsley, place holder until real item priced
",Dummy outlet,Luganville,0,N,,,300,80,,,,,,,,,,,,,,,,,,,,,,,,,,,,,,,,,,,,,,,,,,,
879,Island cabbage,"Cabbage, Island, per Kg","Island Cabbage, medium size, 3 bundles",Market House,Luganville,0,N,,,300,,,,,,,,,,,,,,,,,,,,,,,,,,,,,,,,,,,,,,,,,,,,
880,Island taro,"Island taro, basket, per Kg","Island taro, local, 2 bundles",Market House,Luganville,0,N,,,1000,,,,,,,,,,,,,,,,,,,,,,,,,,,,,,,,,,,,,,,,,,,,
881,Yam,"Yam, basket, per Kg","Yam, local, 2 baskets",Market House,Luganville,0,N,,,2000,,,,,,,,,,,,,,,,,,,,,,,,,,,,,,,,,,,,,,,,,,,,
882,Beema (chili),"Chilli, loose, per Kg","Chilli, Beema, local, 3 plastics ",Market House,Luganville,0,N,,,300,,,,,,,,,,,,,,,,,,,,,,,,,,,,,,,,,,,,,,,,,,,,
883,Bowl cabbage,"Cabbage, bowl, per Kg","Bowl cabbage, local, single, 3 medium size",Market House,Luganville,0,N,,,300,,,,,,,,,,,,,,,,,,,,,,,,,,,,,,,,,,,,,,,,,,,,
884,Carrot local,"Carrots, loose, per Kg","Carrots, fresh, local, 2 bundles",Market House,Luganville,0,N,,,200,,,,,,,,,,,,,,,,,,,,,,,,,,,,,,,,,,,,,,,,,,,,
885,Chinese cabbage,"Cabbage, Chinese, per Kg","Chinese cabbage, local, medium size, 3 bundles",Market House,Luganville,0,N,,,300,,,,,,,,,,,,,,,,,,,,,,,,,,,,,,,,,,,,,,,,,,,,
886,Corn,"Corn, loose, per Kg","Corn, local, 3 bundles",Market House,Luganville,0,N,,,300,,,,,,,,,,,,,,,,,,,,,,,,,,,,,,,,,,,,,,,,,,,,
887,Cucumber,"Cucumber, loose, per Kg","Cucumber, local, 2 medium size",Market House,Luganville,0,N,,,100,,,,,,,,,,,,,,,,,,,,,,,,,,,,,,,,,,,,,,,,,,,,
888,Ginger,"Ginger, loose, per Kg","Ginger, local, 5 bundles/plastics",Market House,Luganville,0,N,,,500,,,,,,,,,,,,,,,,,,,,,,,,,,,,,,,,,,,,,,,,,,,,
889,Garlic,"Garlic, loose, per Kg","Garlic, loose, per kg",LCM Store,Luganville,0,N,,,100,500,,,,,,,,,,,,,,,,,,,,,,,,,,,,,,,,,,,,,,,,,,,
890,"Laplap (Yam, banana)","Laplap (Yam, banana), standard?, per Kg?","Laplap (yam, banana), standard, per kg",Market House,Luganville,3,N,,,,,,,,,,,,,,,,,,,,,,,,,,,,,,,,,,,,,,,,,,,,,,,
891,Lettuce imported,"Lettuce, imported, per Kg","Lettuce, imported, per kg",LCM Store,Luganville,0,N,,,100,280,,,,,,,,,,,,,,,,,,,,,,,,,,,,,,,,,,,,,,,,,,,
892,Lettuce imported,"Lettuce, imported, per Kg","Lettuce, imported, per kg",Au Bon Marche,Luganville,0,N,,,100,350,,,,,,,,,,,,,,,,,,,,,,,,,,,,,,,,,,,,,,,,,,,
893,Lettuce imported,"Lettuce, imported, per Kg","Lettuce, imported, per kg",Unity Shell Store,Luganville,0,N,,,100,,,,,,,,,,,,,,,,,,,,,,,,,,,,,,,,,,,,,,,,,,,,
894,Garlic,"Garlic, loose, per Kg","Garlic, loose, per kg",Unity Shell Store,Luganville,0,N,,,100,450,,,,,,,,,,,,,,,,,,,,,,,,,,,,,,,,,,,,,,,,,,,
895,Garlic,"Garlic, loose, per Kg","Garlic, loose, per kg",Wong Sze Sing,Luganville,0,N,,,100,,,,,,,,,,,,,,,,,,,,,,,,,,,,,,,,,,,,,,,,,,,,
896,Pumpkin,"Pumpkin, per Kg","Pumpkin, 2 yellow medium size",Market House,Luganville,0,N,,,400,,,,,,,,,,,,,,,,,,,,,,,,,,,,,,,,,,,,,,,,,,,,
897,Pumpkin top,"Pumpkin top, loose, per Kg","Pumpkin top, loose, 3 bundles",Market House,Luganville,0,N,,,300,,,,,,,,,,,,,,,,,,,,,,,,,,,,,,,,,,,,,,,,,,,,
898,Lettuce local,"Lettuce, per Kg","Lettuce, local, 3 rings",Market House,Luganville,0,N,,,600,,,,,,,,,,,,,,,,,,,,,,,,,,,,,,,,,,,,,,,,,,,,
899,Radish,"Radish, pkt, per Kg","Radish, 10 bundles",Market House,Luganville,0,N,,,300,,,,,,,,,,,,,,,,,,,,,,,,,,,,,,,,,,,,,,,,,,,,
900,Snake beans,"Snake Beans, loose, per Kg","Snake beans, local, 3 bundles, medium size",Market House,Luganville,0,N,,,300,,,,,,,,,,,,,,,,,,,,,,,,,,,,,,,,,,,,,,,,,,,,
901,Spring onion,"Spring onions, loose, per Kg","Spring onions, local, 5 medium size bundles",Market House,Luganville,0,N,,,500,,,,,,,,,,,,,,,,,,,,,,,,,,,,,,,,,,,,,,,,,,,,
902,Tomato local,"Tomato, local, loose, per Kg","Tomato, local, 10 fruits, big size",Market House,Luganville,0,N,,,400,,,,,,,,,,,,,,,,,,,,,,,,,,,,,,,,,,,,,,,,,,,,
903,Water kress,"Water kress, per Kg","Water kress, local, 3 medium size bundles",Market House,Luganville,0,N,,,300,,,,,,,,,,,,,,,,,,,,,,,,,,,,,,,,,,,,,,,,,,,,
904,"Mandarine, local","Mandarines, local, loose, per Kg","Mandarines, local, 5 medium size",Market House,Luganville,0,N,,,150,,,,,,,,,,,,,,,,,,,,,,,,,,,,,,,,,,,,,,,,,,,,
905,Pamplemous,"Pamplemous, loose, per Kg","Pamplemous, local, 2 big size, green marcots",Market House,Luganville,0,N,,,200,,,,,,,,,,,,,,,,,,,,,,,,,,,,,,,,,,,,,,,,,,,,
906,Pineapples,"Pineapples, loose, per Kg","Pineapples, local, 2 medium size",Market House,Luganville,0,N,,,400,,,,,,,,,,,,,,,,,,,,,,,,,,,,,,,,,,,,,,,,,,,,
907,Rock melon,"Rock melon, loose, per Kg","Water melon, local, 2 medium size, red colour",Market House,Luganville,0,N,,,,,,,,,,,,,,,,,,,,,,,,,,,,,,,,,,,,,,,,,,,,,,,
908,"Banana, cooking","Banana, cooking, bunch, per Kg","Banana, cooking, 2 bundle meduim size",Market House,Luganville,0,N,,,1600,,,,,,,,,,,,,,,,,,,,,,,,,,,,,,,,,,,,,,,,,,,,
909,Tomato imported,"Tomato, imported, loose, per Kg","Tomato, imported, loose, per kg",Au Bon Marche,Luganville,0,N,,,100,300,,,,,,,,,,,,,,,,,,,,,,,,,,,,,,,,,,,,,,,,,,,
910,Tomato imported,"Tomato, imported, loose, per Kg","Tomato, imported, loose, per kg",LCM Store,Luganville,0,N,,,100,400,,,,,,,,,,,,,,,,,,,,,,,,,,,,,,,,,,,,,,,,,,,
911,Island taro,"Island taro, basket, per Kg","Island taro, 2 bundle meduim size",Market House,Luganville,0,N,,1000,1000,1000,1000,1000,1000,,,,,,,,,,,,,,,,,,,,,,,,,,,,,,,,,,,,,,,,
998,Bowl cabbage,"Cabbage, bowl, per Kg","Bowl cabbage, local, single, 3 medium size",FHP Store,Luganville,0,N,,,,,,,,,,,,,,,,,,,,,,,,,,,,,,,,,,,,,,,,,,,,,,,
1040,"Coconut, dried","Coconut, dried, per Kg?","Coconut dried, 3 bundles ",Market House,Luganville,0,Y,,,200,300,300,300,300,300,300,300,300,450,300,300,300,300,300,300,300,300,300,300,300,300,300,300,300,300,300,300,300,300,300,300,300,,300,300,300,,300,300,300,300,,300,300
1043,Grapes,"Grapes, bunch, per Kg","Grapes, loose per Kg, Imported",LCM Store,Luganville,0,N,,,300,300,300,,300,,,,,,,,,,,,,,,,,,,,,,,,,,,,,,,,,,,,,,,,
1045,"Herbs, fresh","Parsley, bunch, per Kg","Parsely, 10 bundle",Market House,Luganville,0,N,,,300,80,80,,,,,,,,,,,,,,,,,,,,,,,,,,,,,,,,,,,,,,,,,,
1051,Kiwi,"Kiwi fruit, loose, per Kg","Kiwi, loose per Kg, Imported",LCM Store,Luganville,0,N,,,550,550,550,,550,,,,,,,,,,,,,,,,,,,,,,,,,,,,,,,,,,,,,,,,
1052,"Mandarine, imported","Mandarines, imported, loose, per Kg","Mandarines, loose per Kg, imported",LCM Store,Luganville,0,N,,,850,850,850,,850,,,,,,,,,,,,,,,,,,,,,,,,,,,,,,,,,,,,,,,,
1059,Orange,"Oranges, loose, per Kg","Oranges, local, 5 medium size",Market House,Luganville,0,N,,,330,330,330,330,,,,,,,,,,,,,,,,,,,,,,,,,,,,,,,,,,,,,,,,,
1060,Vanilla bean,"Vanilla, loose, per Kg","Vanilla bean (or similar), place holder until real item priced",Market House,Luganville,0,Y,,,850,850,850,,,,,,,,,,,,,,,,,,,,,,,,,,,,,,,,,,,,,,,,,,
1061,Apple,"Apples, loose, per Kg","Apple(green) loose per Kg, imported",LCM Store,Luganville,0,Y,,,450,450,450,,650,650,650,650,,,,820,820,820,820,,880,820,820,640,,550,550,580,,,500,,500,880,480,550,550,,500,820,500,,450,500,450,500,,,
1148,Vanilla bean,"Vanilla, loose, per Kg","Vanilla bean, packet of 5 for 20grams each to make 1kg",Natangora Café,Luganville,0,N,,,,,,,,,,,,,,,,,,,,,,,,,,,,,,,,,,,,,,,,,,,,,,,
1199,Vanilla bean,"Vanilla, loose, per Kg","Vanilla Beans, packet of 4 for 250grams to make up 1kg",LCM Store,Luganville,0,N,,,,,,,,,,,,,,,,,,,,,,,,,,,,,,,,,,,,,,,,,,,,,,,
1245,Vanilla bean,"Vanilla, loose, per Kg","Vanilla bean, packet of 5 for 20grams each to make 1kg",Natangora Café,Luganville,0,N,,,,,,,,,,,,,,,,,,,,,,,,,,,,,,,,,,,,,,,,,,,,,,,
1246,Vanilla bean,"Vanilla, loose, per Kg",Vanilla Bean of 5 packet of 20grams each to make 1kg,Natangora Café,Luganville,0,N,,,,,,,,,,,,,,,,,,,,,,,,,,,,,,,,,,,,,,,,,,,,,,,
1445,English loaf 30 cm,"English loaf, 30 cm, unsliced","English local loaf, freshly packed, 3 loaves, Santo Bakery (WSS)",Kwang Sing Store,Luganville,0,N,,,,570,570,,,,,,,,,,,,,,,,,,,,,,,,,,,,,,,,,,,,,,,,,,
1446,English loaf 30 cm,"English loaf, 30 cm, unsliced","English local loaf, freshly packed, 3 loaves, Santo Bakery (WSS)",Wong Sze Sing,Luganville,0,N,,,,570,570,,,,,,,,,,,,,,,,,,,,,,,,,,,,,,,,,,,,,,,,,,
1447,English loaf 30 cm,"English loaf, 30 cm, unsliced","English local loaf, freshly packed, 3 loaves, Santo Bakery (WSS)",LCM Store,Luganville,0,N,,,,570,570,,,,,,,,,,,,,,,,,,,,,,,,,,,,,,,,,,,,,,,,,,
1448,English loaf 30 cm,"English loaf, 30 cm, unsliced","English local loaf, freshly packed, 3 loaves, Santo Bakery (WSS)",Unity Shell Store,Luganville,0,N,,,,570,570,,,,,,,,,,,,,,,,,,,,,,,,,,,,,,,,,,,,,,,,,,
1449,English loaf 30 cm,"English loaf, 30 cm, unsliced","English local loaf, freshly packed, 3 sliced, Santo Bakery (WSS)",Ah Pow Store,Luganville,0,N,,,,570,570,,,,,,,,,,,,,,,,,,,,,,,,,,,,,,,,,,,,,,,,,,
1450,"English loaf, sliced","English loaf, sliced, preferred weight xx g (size?)","English local loaf, freshly packed, 3 sliced, Santo Bakery (WSS)",Ah Pow Store,Luganville,0,N,,,,,,,,,,,,,,,,,,,,,,,,,,,,,,,,,,,,,,,,,,,,,,,
1451,"English loaf, sliced","English loaf, sliced, preferred weight xx g (size?)","English local loaf, freshly packed, 3 sliced, Santo Bakery (WSS)",LCM Store,Luganville,0,N,,,,,,,,,,,,,,,,,,,,,,,,,,,,,,,,,,,,,,,,,,,,,,,
1452,"English loaf, sliced","English loaf, sliced, preferred weight xx g (size?)","English local loaf, freshly packed, 3 sliced, Santo Bakery (WSS)",Wong Sze Sing,Luganville,0,N,,,,,,,,,,,,,,,,,,,,,,,,,,,,,,,,,,,,,,,,,,,,,,,
1453,"English loaf, sliced","English loaf, sliced, preferred weight xx g (size?)","English local loaf, freshly packed, 3 sliced, Santo Bakery (WSS)",Bunny Fung Store,Luganville,0,N,,,,570,570,,,,,,,,,,,,,,,,,,,,,,,,,,,,,,,,,,,,,,,,,,
1454,French loaf 30 cm,"French loaf, 30 cm, unsliced","French loaf freshly packed, 10 loaves, Santo Bakery, WSS
",Wong Sze Sing,Luganville,0,N,,,,600,600,,,,,,,,,,,,,,,,,,,,,,,,,,,,,,,,,,,,,,,,,,
1455,French loaf 30 cm,"French loaf, 30 cm, unsliced","French loaf freshly packed, 10 loaves, Santo Bakery, WSS
",LCM Store,Luganville,0,N,,,,600,600,,,,,,,,,,,,,,,,,,,,,,,,,,,,,,,,,,,,,,,,,,
1456,French loaf 30 cm,"French loaf, 30 cm, unsliced","French loaf freshly packed, 10 loaves, Santo Bakery, WSS
",Ah Pow Store,Luganville,0,N,,,,600,600,,,,,,,,,,,,,,,,,,,,,,,,,,,,,,,,,,,,,,,,,,
1457,French loaf 30 cm,"French loaf, 30 cm, unsliced","French loaf freshly packed, 10 loaves, Santo Bakery, WSS
",Kwang Sing Store,Luganville,0,N,,,,600,600,,,,,,,,,,,,,,,,,,,,,,,,,,,,,,,,,,,,,,,,,,
1458,French loaf 30 cm,"French loaf, 30 cm, unsliced","French loaf freshly packed, 10 loaves, Santo Bakery, WSS
",Unity Shell Store,Luganville,0,N,,,,600,600,,,,,,,,,,,,,,,,,,,,,,,,,,,,,,,,,,,,,,,,,,
1460,English loaf 30 cm,"English loaf, 30 cm, unsliced","English local loaf, freshly packed, sliced, Santo Bakery (WSS)",Ah Pow Store,Luganville,0,N,,,,200,200,190,,,,,,,,,,,,,,,,,,,,,,,,,,,,,,,,,,,,,,,,,
1461,English loaf 30 cm,"English loaf, 30 cm, unsliced","English local loaf, freshly packed, sliced, Santo Bakery (WSS)",Au Bon Marche,Luganville,0,N,,,,190,190,190,,,,,,,,,,,,,,,,,,,,,,,,,,,,,,,,,,,,,,,,,
1462,English loaf 30 cm,"English loaf, 30 cm, unsliced","English local loaf, freshly packed, 3sliced, Santo Bakery (WSS)",LCM Store,Luganville,0,N,,,,190,190,,,,,,,,,,,,,,,,,,,,,,,,,,,,,,,,,,,,,,,,,,
1463,English loaf 30 cm,"English loaf, 30 cm, unsliced","English local loaf, freshly packed, sliced, Santo Bakery (WSS)",Kwang Sing Store,Luganville,0,N,,,,190,190,190,,,,,,,,,,,,,,,,,,,,,,,,,,,,,,,,,,,,,,,,,
1464,French loaf 30 cm,"French loaf, 30 cm, unsliced","French loaf freshly packed, Santo Bakery, WSS",Ah Pow Store,Luganville,0,N,,,,300,300,300,600,,,,,,,,,,,,,,,,,,,,,,,,,,,,,,,,,,,,,,,,
1465,French loaf 30 cm,"French loaf, 30 cm, unsliced","French loaf freshly packed, Santo Bakery, WSS",Au Bon Marche,Luganville,0,N,,,,300,300,300,,,,,,,,,,,,,,,,,,,,,,,,,,,,,,,,,,,,,,,,,
1466,French loaf 30 cm,"French loaf, 30 cm, unsliced","French loaf freshly packed, Santo Bakery, WSS",Kwang Sing Store,Luganville,0,N,,,,300,300,,,,,,,,,,,,,,,,,,,,,,,,,,,,,,,,,,,,,,,,,,
1467,French loaf 30 cm,"French loaf, 30 cm, unsliced","French 10 loaves of bread Santo Bakery, WSS",LCM Store,Luganville,0,N,,,,300,300,,,,,,,,,,,,,,,,,,,,,,,,,,,,,,,,,,,,,,,,,,
1481,Island cabbage,"Cabbage, Island, per Kg","Wild Cabbage, 3 bundles",Market House,Luganville,0,N,,,,,,,,,,,,,,,,,,,,,,,,,,,,,,,,,,,,,,,,,,,,,,,
1483,"Herbs, fresh","Parsley, bunch, per Kg","Parsley or any type of herbs local, 3 bundles",Market House,Luganville,0,Y,,,,,,,,,,,,300,,,,,,,,,,,,300,,,,,,,,,,,,,,,,,,300,,,,,
1485,Island cabbage,"Cabbage, Island, per Kg","Wild cabbage, fern, local 3 bundles",Market House,Luganville,0,Y,,,,,,150,150,150,,,150,150,150,,150,,,150,300,,,300,300,300,,300,,300,,300,300,300,,,300,300,,,,,,250,,,,,
1486,French loaf 30 cm,"French loaf, 30 cm, unsliced","""French loaf freshly packed, 10 loaves, Santo Bakery, WSS",Kwang Sing Store,Luganville,0,N,,,,,300,300,,,,,,,,,,,,,,,,,,,,,,,,,,,,,,,,,,,,,,,,,
1487,"English loaf, sliced","English loaf, sliced, preferred weight xx g (size?)","English local loaf, freshly packed, 3 sliced, Santo Bakery (WSS)",Ah Pow Store,Luganville,0,N,,,,,,,,,,,,,,,,,,,,,,,,,,,,,,,,,,,,,,,,,,,,,,,
1488,Potato,"Potatoes, white, loose, per Kg","Potatoe white, imported, 1kg, Australia",Ah Pow Store,Luganville,0,Y,,,,,,200,200,200,,,,,,250,,,,,250,,,,,,,,,,,,,250,,,,280,280,290,,,,,,,,,
1489,Onion,"Onions, loose, per Kg","Onion,imported, 1kg, Australia",Ah Pow Store,Luganville,0,Y,,,,,,200,200,200,240,240,,,250,200,,,,200,200,,,250,,,,,,,,,240,200,240,250,250,200,200,250,,,,,,,,,
1490,Lettuce local,"Lettuce, per Kg","Lettuce, local, packet",Au Bon Marche,Luganville,0,N,,,,,,,300,,,,,,,,,,,,,,,,,,,,,,,,,,,,,,,,,,,,,,,,
1491,Onion,"Onions, loose, per Kg","Onion, imported,1kg, Australia",Au Bon Marche,Luganville,0,N,,,,,,,200,200,200,200,250,250,250,250,250,250,250,250,250,250,250,250,250,,,,,,,,,250,300,250,250,250,250,250,,,,,,,,,
1492,Potato,"Potatoes, white, loose, per Kg","Potatoe white, 1kg, imported, Australia",Au Bon Marche,Luganville,0,N,,,,,,200,200,200,200,200,250,250,250,250,250,250,250,250,250,250,250,,,,,,,,,,,250,250,250,250,280,280,280,,,,,,,,,
1493,Garlic,"Garlic, loose, per Kg","Garlic, imported, 1kg",Au Bon Marche,Luganville,0,N,,,,,,600,,,,,,,,,,,,,,,,,,,,,,,,,,,,,,,,,,,,,,,,,
1494,Tomato local,"Tomato, local, loose, per Kg","Tomatoe, local, 1kg",Au Bon Marche,Luganville,0,N,,,,,,200,200,200,,,200,,,,,,,,,,,,,,,,,,,,,,,,,,,,,,,,,,,,
1495,Onion,"Onions, loose, per Kg","Onion, imported, per kilo, Australia",Bunny Fung Store,Luganville,0,N,,,,,,120,120,,240,240,240,240,,260,240,240,240,210,,240,240,,250,250,250,290,250,150,250,250,250,,,,200,200,200,200,,,,,,,,,
1496,Potato,"Potatoes, white, loose, per Kg","Potatoe,white, imported, 1kg, Australia",Bunny Fung Store,Luganville,0,N,,,,,,,180,190,,,240,240,,,,,,,,,,,,240,250,300,,,300,300,,,300,,,250,,300,,,,,,,,,
1497,Garlic,"Garlic, loose, per Kg","Garlic, imported, 1kg",Bunny Fung Store,Luganville,0,N,,,,,,600,1160,,,,"1,160",,,1000,1100,1100,1100,960,,960,1100,,1000,1000,,,1000,450,500,580,1160,,,,800,,,900,,,,,,,,,
1498,Tomato local,"Tomato, local, loose, per Kg","Tomatoe, local, per plastic",Bunny Fung Store,Luganville,0,N,,,,,,150,100,,180,180,200,100,200,,,,,,,,,,,,,,,,,,,,,,,,,,,,,,,,,,
1499,Potato,"Potatoes, white, loose, per Kg","Potatoe, white, loose, imported, 1kg, Australia",Kwang Sing Store,Luganville,0,Y,,,,,,180,180,180,180,180,200,180,180,200,200,200,180,200,200,200,200,200,200,200,200,,220,240,240,250,240,200,,250,,250,,,250,,250,250,,,,250,
1500,Onion,"Onions, loose, per Kg","Onion, loose, imported 1kg, Australia",Kwang Sing Store,Luganville,0,Y,,,,,,180,180,180,180,180,200,180,180,200,200,200,180,200,200,200,200,200,200,200,200,200,200,200,200,250,240,200,250,0.79,250,250,200,200,200,,250,250,250,250,,250,
1501,Pears,"Pears, loose, per Kg","Pears, imported, 1kg, Australia",LCM Store,Luganville,0,Y,,,,,,520,520,,,,,,,,620,620,620,,650,620,620,,11120,550,,,,,,,,650,,720,,,800,,580,,,,500,700,,,
1502,Vanilla bean,"Vanilla, loose, per Kg","Vanilla bean, local 250g x 4 packet",LCM Store,Luganville,0,Y,,,,,,11040,11040,11120,"11,120","11,120","11,120","11,120","11,120",,11120,11120,11120,11120,11120,11120,11120,11120,,11120,11120,12800,12800,12800,12800,17560,15800,11120,17560,,,,,,,,,,,,,57560,
1503,Lettuce imported,"Lettuce, imported, per Kg","Lettuce, imported, per kg",Unity Shell Store,Luganville,0,N,,,,,,,,,,,,,,,,,,,,,,,,,,,,,,,,,,,,,,,,,,,,,,,
1504,Garlic,"Garlic, loose, per Kg","Garlic, loose, per kilo, imported",LCM Store,Luganville,0,Y,,,,,,600,750,960,950,950,"1,100",,1200,1000,800,800,800,1200,,800,800,1000,1000,,1000,,1000,1000,1000,,1100,,1100,900,1000,1000,800,800,800,,800,650,580,800,,800,
1505,Potato,"Potatoes, white, loose, per Kg","Potatoe, white loose, per kilo, imported",LCM Store,Luganville,0,N,,,,,,,,,,,,,,,,,,,,,,,,,,,,,,,,,,,,,,,,,,,,,,,
1506,Potato,"Potatoes, white, loose, per Kg","Potatoe,white loose, imported, 1kg, Australia",Unity Shell Store,Luganville,0,Y,,,,,,180,180,180,200,200,180,200,200,200,200,200,200,180,,200,200,,200,200,200,,250,,250,250,250,,250,260,250,280,280,280,300,,280,300,300,300,,300,
1507,Onion,"Onions, loose, per Kg","Onion, loose, imported, 1kg, Australia",Unity Shell Store,Luganville,0,Y,,,,,,180,180,200,220,220,180,200,200,200,200,200,,200,200,200,200,250,200,200,200,220,200,220,240,230,230,200,290,260,200,250,250,260,250,,280,280,280,280,,300,
1508,Potato,"Potatoes, white, loose, per Kg","Potatoe, white loose , imported, per kilo",Unity Shell Store,Luganville,0,N,,,,,,,,,,,,,,,,,,,,,,,,,,,,,,,,,,,,,,,,,,,,,,,
1509,Lettuce local,"Lettuce, per Kg","Lettuce, local, per kilo",Bunny Fung Store,Luganville,0,N,,,,,,,250,250,180,180,200,,200,,,,,,,,,,,,,,,,,,,,,,,,,,,,,,,,,,
1510,Orange,"Oranges, loose, per Kg","Orange, loose, per kilo, imported",LCM Store,Luganville,0,Y,,,,,,400,400,320,420,420,,480,450,450,450,450,450,,650,450,190,,,,300,,,,,,600,650,420,,600,640,590,,630,,450,580,,450,,500,
1511,Orange,"Oranges, loose, per Kg","Orange, loose, per kilo, Australia ",LCM Store,Luganville,0,N,,,,,,,,,,,,,,,,,,,,,,,,,,,,,,,,,,,,,,,,,,,,,,,
1512,Lettuce imported,"Lettuce, imported, per Kg","Lettuce, imported per packet",LCM Store,Luganville,0,N,,,,,,,,,,,,,,,,,,,,,,,,,,,,,,,,,,,,,,,,,,,,,,,
1513,Potato,"Potatoes, white, loose, per Kg","Potatoe,white loose, imported, per kilo",LCM Store,Luganville,0,Y,,,,,,180,170,170,170,170,200,200,180,190,190,190,190,190,,190,,,220,200,200,260,240,240,240,240,240,,240,250,,250,280,280,,,180,260,260,260,,280,
1514,French loaf 30 cm,"French loaf, 30 cm, unsliced","French loaf, 10 loaves, Santo bakery, (WSS), local",Unity Shell Store,Luganville,0,Y,,,,,,600,600,600,600,600,600,600,600,600,600,600,600,600,600,600,600,600,,600,600,600,600,600,600,600,570,600,600,600,600,600,600,600,600,,600,600,600,600,,600,
1515,"Herbs, fresh","Parsley, bunch, per Kg","Parsley, local, 3 bundles",Wong Sze Sing,Luganville,0,N,,,,,,,,,,,,,,,,,,,,,,,,,,,,,,,,,,,,,,,,,,,,,,,
1516,"English loaf, sliced","English loaf, sliced, preferred weight xx g (size?)","English loaf feshly packed, 3 loaves, Santo backery, (WSS), local",Unity Shell Store,Luganville,0,Y,,,,,,570,570,,570,570,,570,570,570,570,570,570,570,570,570,570,570,570,570,570,190,570,570,570,,,570,570,570,570,570,570,570,570,,570,570,570,570,,570,
1517,French loaf 30 cm,"French loaf, 30 cm, unsliced","French loaf fresly packed, 10 loaves, santo bakery, WSS",Wong Sze Sing,Luganville,0,Y,,,,,,600,600,600,600,600,600,600,600,600,600,600,600,600,600,600,600,600,600,600,600,600,600,250,600,600,600,600,600,600,600,600,600,600,600,,600,600,600,600,,600,
1518,Onion,"Onions, loose, per Kg","Onion, imported, 1kg, Australia",Wong Sze Sing,Luganville,0,Y,,,,,,200,200,200,200,200,240,240,,250,250,250,250,250,250,250,250,250,250,250,250,250,250,,250,250,250,250,,250,250,250,250,260,,,,280,280,250,,250,
1572,"English loaf, sliced","English loaf, sliced, preferred weight xx g (size?)","English local loaf, freshly packed, 3 sliced, Santo Bakery (WSS)",Bunny Fung Store,Luganville,0,N,,,,,,,600,,,,,,,,,,,,,,,,,,,,,,,,,,,,,,,,,,,,,,,,
1699,Vanilla bean,"Vanilla, loose, per Kg","Vanilla Beans, packet of 8 for 50grams to make up 1kg",LCM Store,Luganville,0,Y,,,,,,7040,7040,,,,,,,,17600,17600,17600,17600,17600,17600,17600,16400,16400,16400,16400,16400,16400,,22800,22800,29200,17600,,,,,,,,,,,,,,,
1719,Vanilla bean,"Vanilla, loose, per Kg","Vanilla beans, 1kg",Natangora Café,Luganville,0,N,,,,,,,,,,,,,,,,,,,,,,,,,,,,,,,,,,,,,,,,,,,,,,,
1720,Vanilla bean,"Vanilla, loose, per Kg","Vanilla beans, 1kg",Natangora Café,Luganville,0,N,,,,,,,,,,,,,,,,,,,,,,,,,,,,,,,,,,,,,,,,,,,,,,,
1721,Vanilla bean,"Vanilla, loose, per Kg","Vanilla bean, packet of 5 for 20grams each to make 1kg",Natangora Café,Luganville,0,Y,,,,,,,,28000,"11,120","11,120","17,600","30,000","11,800",17600,1700,17600,17600,17600,,17600,17600,,,,,,,,,,,,,,,,,,,,,,,,,,
1896,"English loaf, sliced","English loaf, sliced, preferred weight xx g (size?)","English local loaf, freshly packed, 3sliced, Santo Bakery (WSS)",LCM Store,Luganville,0,Y,,,,,,,600,600,600,600,190,600,570,450,450,450,450,570,570,450,450,,,600,570,570,570,570,570,570,,570,570,570,570,570,570,570,570,,570,570,570,570,,570,
1897,French loaf 30 cm,"French loaf, 30 cm, unsliced","French 10 loaves of bread Santo Bakery, WSS",LCM Store,Luganville,0,N,,,,,300,300,600,,,,,,,,,,,,,,,,,,,,,,,,,,,,,,,,,,,,,,,,
1898,Tomato imported,"Tomato, imported, loose, per Kg","Tomato, imported, loose, per kg",LCM Store,Luganville,0,N,,,,,,,,,,,,,,,,,,,,,,,,,,,,,,,,,,,,,,,,,,,,,,,
1899,Water kress,"Water kress, per Kg","Water kress, local, 3 bundles",Market House,Luganville,0,Y,,,,,,150,300,150,300,300,300,300,150,300,,300,300,300,300,300,300,,300,300,,,300,300,,,,300,,,300,,,,300,,300,300,,300,,300,300
1900,"Mandarine, local","Mandarines, local, loose, per Kg","Mandarines, local, 5 fruits",Market House,Luganville,0,Y,,,,,,,150,200,,,160,,,160,,,,,180,,,,220,,,210,100,,,150,70,180,,250,150,150,,150,100,,,100,100,,,210,
1907,Island taro,"Island taro, basket, per Kg","Island taro, two bundle",Market House,Luganville,0,N,,,,,,1000,,,,,,,,,,,,,,,,,,,,,,,,,,,,,,,,,,,,,,,,,
1939,Garlic,"Garlic, loose, per Kg","Garlic, loose, imported, 1 kg",Unity Shell Store,Luganville,0,Y,,,,,,900,900,900,900,900,,"1,000","1,000",1000,1000,1000,1000,1000,1000,1000,1000,1000,1000,1000,1000,500,500,500,500,1000,1000,1000,1000,1100,,1000,,1000,1000,,1000,1000,1000,1000,,1000,
1940,Tomato imported,"Tomato, imported, loose, per Kg","Tomato, imported, loose, per kg",LCM Store,Luganville,0,Y,,,,,,400,400,400,,,,,,,,,,,,,,,,,,,,,,,,,,,,400,,,,,,,,680,,,
1958,Yam,"Yam, basket, per Kg","Yam, 2 baskets, local",Market House,Luganville,0,N,,,,,,2000,,,,,,,,,,,,,,,,,,,,,,,,,,,,,,,,,,,,,,,,,
1970,Rock melon,"Rock melon, loose, per Kg","Water melon, local, 3 fruits",Market House,Luganville,0,Y,,,,,,600,,1700,900,900,,"2,300","2,300","2,300",,,1400,,2200,13.4,1400,400,2500,1300,1250,1600,3600,,1800,1500,1100,2200,1200,570,,,900,,,,630,,2400,2400,,,
1971,"Banana, cooking","Banana, cooking, bunch, per Kg","Banana, cooking, 3 bundles",Market House,Luganville,0,Y,,,,,,600,900,900,700,700,950,"1,300","1,000",900,1200,1100,1100,1100,700,1000,1100,1000,850,1050,1300,1100,1000,1500,1400,1200,1200,700,1200,1000,1200,900,1200,950,900,,900,1200,2300,2300,,1200,2400
1972,"Banana, eating","Banana, eating, bunch, per Kg","Ripe banana, boat shape, 3 bunches",Market House,Luganville,0,Y,,,,,,200,150,350,350,350,300,150,300,300,350,600,600,200,200,550,600,350,350,300,200,200,450,250,400,150,350,200,300,300,450,300,150,150,250,,700,200,250,250,,150,
1973,Lime,"Limes, loose, per Kg","Lime, 3 pkts/plastics, local",Market House,Luganville,0,Y,,,,,,300,300,,300,300,300,300,300,300,300,300,300,300,300,300,300,300,300,,300,300,300,,300,300,300,300,200,300,300,,300,300,300,,300,300,300,300,,,300
1974,Island cabbage,"Cabbage, Island, per Kg","Island cabbage,3 bundles, local",Market House,Luganville,0,N,,,,,,150,,,,,,,,,,,,,,,,,,,,,,,,,,,,,,,,,,,,,,,,,
1975,Spring onion,"Spring onions, loose, per Kg","Spring onions, Shallots, local, 5 bundles",Market House,Luganville,0,Y,,,,,,150,500,500,500,500,500,500,250,500,500,500,500,500,500,500,500,500,500,500,500,500,500,500,500,500,500,500,500,500,500,500,500,500,500,,500,500,500,500,,,500
1976,Manioc,"Manioc (kassava), basket, per Kg","Manioc, 2 basket, local",Market House,Luganville,0,N,,,,,,1000,1000,,,,,,,,,,,,,,,,,,,,,,,,,,,,,,,,,,,,,,,,
1977,Pamplemous,"Pamplemous, loose, per Kg","Pamlemous, loose, 3 fruits",Market House,Luganville,0,Y,,,,,,200,200,60,60,60,90,60,60,60,90,60,60,60,60,60,60,90,60,60,110,90,60,,150,140,60,60,60,90,,60,90,90,60,,90,90,110,110,,,150
1978,Orange,"Oranges, loose, per Kg","Oranges, local, 5 fruits",Market House,Luganville,0,Y,,,,,,150,100,80,,,130,,190,190,200,,,120,130,,,200,150,,200,100,200,,,200,70,130,150,200,100,250,,170,50,,,200,,,,190,
1979,Island cabbage,"Cabbage, Island, per Kg","Island cabbage,3 bundles, local",Market House,Luganville,0,Y,,,,,,150,300,200,200,200,300,300,300,300,300,150,150,300,300,150,300,300,200,150,300,300,300,150,150,300,300,300,200,200,300,300,200,200,300,,300,300,150,250,,300,300
1984,Cucumber,"Cucumber, loose, per Kg","Cucumber, loose, local, 3 fruits",Market House,Luganville,0,N,,,,,,180,,,,,,,,,,,,,,,,,,,,,,,,,,,,,,,,,,,,,,,,,
1985,Corn,"Corn, loose, per Kg","Corn, loose, local 3 bundles",Market House,Luganville,0,Y,,,,,,300,300,250,300,300,300,,300,300,300,300,300,300,300,300,300,300,300,100,300,300,300,300,300,,,300,300,300,,300,250,300,300,,300,300,,300,,300,
2021,French loaf 30 cm,"French loaf, 30 cm, unsliced","French loaf freshly packed, Santo Bakery, WSS, 10 loaves, local",Ah Pow Store,Luganville,0,Y,,,,,,600,600,600,600,600,600,600,600,600,600,600,600,600,600,600,600,600,600,600,600,600,600,600,600,,,600,,,,,500,500,,,,,,,,,
2022,French loaf 30 cm,"French loaf, 30 cm, unsliced","French loaf freshly packed, Santo Bakery, WSS, 10 loaves, local",Au Bon Marche,Luganville,0,N,,,,,,600,600,600,600,600,600,600,600,600,600,600,600,600,600,600,600,600,600,600,600,600,600,600,600,,600,600,,600,600,600,600,600,,,,,,,,,
2023,French loaf 30 cm,"French loaf, 30 cm, unsliced","French loaf, 10 loaves, Santo bakery (WSS), local",Kwang Sing Store,Luganville,0,Y,,,,,,600,600,600,600,600,600,,600,600,600,600,600,600,600,600,600,600,600,600,600,600,600,600,600,600,600,600,600,600,600,600,600,600,600,,600,600,600,600,,600,
2024,French loaf 30 cm,"French loaf, 30 cm, unsliced","French 10 loaves of bread Santo Bakery, WSS, 10 loaves, local",LCM Store,Luganville,0,Y,,,,,,600,600,600,600,600,600,600,600,600,600,600,600,600,600,600,600,600,600,600,600,600,600,600,600,600,600,600,600,600,600,600,600,600,600,,600,6000,600,,,600,
2025,Beans,"Long beans, loose, per Kg","Long Beans,  3 bundles, local",Market House,Luganville,0,Y,,,,,,300,,250,300,300,200,300,300,150,300,300,300,,300,300,300,150,,300,300,100,300,300,,300,,300,300,300,300,,200,300,300,,,300,300,300,,,300
2026,Bowl cabbage,"Cabbage, bowl, per Kg","Cabbage, bowl, 3 medium size",Market House,Luganville,0,N,,,,,,,,,,,,,,,,,,,,,,,,,,,,,,,,,,,,,,,,,,,,,,,
2035,Tomato local,"Tomato, local, loose, per Kg","Tomato, local, loose,3 plastics",Market House,Luganville,0,Y,,,,,,,,250,300,300,300,300,150,,300,300,300,300,300,300,300,,300,300,300,,,300,300,,300,300,300,300,,300,300,,300,,300,300,300,300,,,
2036,Green coconut,"Green coconut, piece, per Kg","Green coconut, 3 fruits, local",Market House,Luganville,0,Y,,,,,,90,120,90,60,60,60,70,90,120,60,90,90,90,80,90,90,60,60,120,60,90,90,90,60,120,90,80,150,90,150,150,240,150,150,,150,150,150,150,,150,150
2037,Taro (Fiji),"Taro, basket, per Kg","Taro (Fiji), 2 baskets, local",Market House,Luganville,0,N,,,,,,1000,1000,,,,,,,,,,,,,,,,,,,,,,,,,,,,,,,,,,,,,,,,
2038,Water kress,"Water kress, per Kg","Water Kress, bundle, per kg",Market House,Luganville,0,N,,,,,,150,,,,,,,,,,,,,,,,,,,,,,,,,,,,,,,,,,,,,,,,,
2046,Radish,"Radish, pkt, per Kg","Susut fruit, 3 plastics, local",Market House,Luganville,0,Y,,,,,,,,300,,,300,300,300,,300,300,300,,300,300,300,,60,300,300,,300,300,,,,300,300,300,,300,300,300,300,,,300,150,300,,,
2047,Pumpkin top,"Pumpkin top, loose, per Kg",Susut top,Market House,Luganville,0,Y,,,,,,,,300,,,300,300,,300,,300,300,300,,300,300,,300,,,300,,250,,,300,,,300,,300,300,,300,,,150,,,,,
2048,Lime,"Limes, loose, per Kg","Passion fruit, local 3 plastics",Market House,Luganville,0,Y,,,,,,,,300,300,300,,150,300,,300,300,300,300,300,300,300,,,,300,,,,300,300,300,300,300,300,300,,300,300,300,,500,,300,300,,,300
2049,Lettuce local,"Lettuce, per Kg","Capsicum, local, green, red, yellow, 3 plastics",Market House,Luganville,0,N,,,,,,,,,,,,,,,,,,,,,,,,,,,,,,,,,,,,,,,,,,,,,,,
2050,Tomato local,"Tomato, local, loose, per Kg","Avocado, local, 3 fruits",Market House,Luganville,0,Y,,,,,,,150,,,,,,,60,,,,100,,,,60,60,,,60,60,,,50,,,,150,,,,120,,,,60,,,,,
2051,Lime,"Limes, loose, per Kg","Nakatapol, local, 3 plastics",Market House,Luganville,0,Y,,,,,,,300,,,,,300,,,300,300,,300,300,300,,,,,300,,300,,,300,150,300,,300,,300,,300,300,,,300,300,,,,300
2052,Carrot local,"Carrots, loose, per Kg","Egg plant, local, 3 bundles",Market House,Luganville,0,Y,,,,,,,,,300,300,,,250,,,,,300,,,,,150,600,,150,,,300,300,300,,300,300,,60,300,300,300,,300,300,300,300,,,
2053,Orange,"Oranges, loose, per Kg","Mangoes, local, 5 fruits",Market House,Luganville,0,Y,,,,,,,150,270,100,100,,,210,,,,,,150,,,,,,110,,,,150,100,,150,,,,,100,,,,100,,,,,,
2054,Ginger,"Ginger, loose, per Kg","Ginger, local, 5 bundles/plastics",Market House,Luganville,0,Y,,,,,,500,500,500,500,500,500,500,500,500,300,300,300,300,500,300,300,500,500,500,,500,500,500,100,500,500,500,500,500,500,500,500,500,,,500,500,500,500,,,
2055,Sweet Potato (Kumala),"Sweet potato (kumala), basket, per Kg","Sweet potato (kumala), 3 baskets, local
",Market House,Luganville,0,Y,,,,,,,1500,1200,1100,1100,"1,300","1,200",1200,1000,1500,1500,1500,1500,1500,1500,1500,1500,1000,,1500,1200,1500,1500,1500,1500,1700,1500,1600,1400,1600,700,1500,1500,1700,,1700,1600,1800,1800,,1500,
2056,Manioc,"Manioc (kassava), basket, per Kg","Manioc, 3 baskets, local",Market House,Luganville,0,Y,,,,,,,900,1300,1100,1100,"1,600","1,600",,900,1300,1200,1200,1500,1400,1100,1200,1200,1000,1400,1500,1500,1500,1300,1500,1500,1500,1400,1200,600,1500,1200,1300,1500,1400,,1600,1500,1600,1600,,1500,1380
2057,Taro (Fiji),"Taro, basket, per Kg","Taro (Fiji), 3 baskets, local",Market House,Luganville,0,Y,,,,,,,1500,1400,900,900,"1,300","1,800",1800,1300,1500,900,900,1500,1500,900,1000,1600,1500,1600,1500,,1600,1200,1500,1600,,1500,1700,1800,1900,1900,,2000,1600,,1600,1500,1800,1800,,1500,1500
2058,Island taro,"Island taro, basket, per Kg","Island taro, 3 bundles ",Market House,Luganville,0,Y,,,,,,,1500,1500,1600,1600,"1,700","1,700","1,700",1700,1500,1500,1500,1600,1500,1500,1500,1800,1500,1500,1500,1500,1800,1500,1800,1800,2100,1500,1600,2500,2800,2300,,2100,1600,,2800,1800,1800,,,1600,3000
2059,Yam,"Yam, basket, per Kg","Yam, 3 baskets, local",Market House,Luganville,0,Y,,,,,,1800,1800,1700,,,"1,700","2,600","1,400",1900,1800,1800,2000,,2000,1800,1800,1000,,3000,1600,,500,,,1800,3000,2000,,2000,,2300,2000,2600,2600,,1800,,1800,,,2100,1800
2060,Cucumber,"Cucumber, loose, per Kg","Cucumber, loose, local, 3 fruits",Market House,Luganville,0,Y,,,,,,,,210,180,180,450,120,180,300,250,290,280,250,390,290,270,470,390,350,100,450,300,450,,,,390,450,600,,550,300,600,300,,350,450,300,,,1000,900
2061,Pumpkin top,"Pumpkin top, loose, per Kg","Pumpkin, 3 fruits, local",Market House,Luganville,0,N,,,,,,,,,,,,,,,,,,,,,,,,,,,,,,,,,,,,,,,,,,,,,,,
2062,Pumpkin,"Pumpkin, per Kg","Pumpkin, 3 fruits, local",Market House,Luganville,0,Y,,,,,,,,400,,,300,300,200,,,550,550,250,,560,500,200,300,450,100,,500,350,300,,900,,300,300,600,300,450,,1100,,300,,900,,,,
2063,Beema (chili),"Chilli, loose, per Kg","Capsicum, local, 3 plastics",Market House,Luganville,0,Y,,,,,,,,300,300,300,300,300,,300,300,300,300,300,300,300,300,300,300,300,300,150,300,300,300,300,300,300,300,300,,300,300,,300,,300,300,150,,,300,300
2064,Pineapples,"Pineapples, loose, per Kg","Pineapple, loose, 3 fruits",Market House,Luganville,0,Y,,,,,,,,,450,450,400,,700,700,,,300,,700,,350,600,,,250,,,,500,350,300,700,300,,,,90,,1600,,600,,,,,300,500
2065,Radish,"Radish, pkt, per Kg","Radish, 3 bundles, local",Market House,Luganville,0,Y,,,,,,,,,,,,,,,,,,,,,,,,,,,,,,,,,,,,,,,,,,,,,,,
2066,Orange,"Oranges, loose, per Kg","Naus, local, 5 fruits",Market House,Luganville,0,Y,,,,,,,,,,,80,,,,,,,100,120,,,125,120,,,100,100,,,,170,120,,50,,,,130,100,,,90,,,,,
2067,Pamplemous,"Pamplemous, loose, per Kg","Margot, loose, 3 fruits",Market House,Luganville,0,Y,,,,,,,90,60,,,120,,,60,90,90,90,70,90,90,90,90,60,150,,90,150,,,90,60,90,120,60,180,,90,150,120,,150,150,60,,,,
2068,Carrot local,"Carrots, loose, per Kg","Green peanut, 3 plastics, local",Market House,Luganville,0,Y,,,,,,,,300,300,300,300,300,300,300,300,300,300,300,300,300,300,300,300,300,300,300,300,300,,300,250,300,150,150,300,300,300,3000,150,,150,300,300,,,,
2069,Water kress,"Water kress, per Kg","Asian water kress, local, 3 bundles",Market House,Luganville,0,Y,,,,,,,,,,,,,,,,,,300,,,,300,,,150,,,450,200,,300,,,,300,,,300,300,,,,,,,,
2071,Pumpkin,"Pumpkin, per Kg","Kalvas, batol, 3 fruits",Market House,Luganville,0,Y,,,,,,,,250,170,170,,450,300,250,550,200,200,200,200,450,300,650,,200,150,100,350,,,750,400,200,350,150,,,250,,200,,,300,150,,,,
2072,Carrot imported,"Carrots, imported, loose, per Kg","Carrots, imported, per Kg",Wong Sze Sing,Luganville,0,Y,,,,,,,380,320,480,480,,,,,,,,,,,,,,,,,,,,,,,,,,,,,,,,380,,,,360,
2168,"English loaf, sliced","English loaf, sliced, preferred weight xx g (size?)","English local loaf, freshly packed, sliced, Santo Bakery (WSS), 3 loaves",Wong Sze Sing,Luganville,0,Y,,,,,,,570,,570,570,570,,,570,570,570,570,570,570,570,570,570,570,590,570,570,570,570,570,570,570,570,570,570,570,570,570,570,570,,570,570,570,570,,570,
2169,English loaf 30 cm,"English loaf, 30 cm, unsliced","English local loaf, freshly packed, 3 loaves, unsliced, Santo Bakery (WSS), 3 loaves",Wong Sze Sing,Luganville,0,Y,,,,,,,300,360,360,360,,,,360,450,450,450,450,,450,450,300,,,,,300,,,300,300,,,300,300,300,,300,300,,300,300,,,,,
2170,English loaf 30 cm,"English loaf, 30 cm, unsliced","English local loaf, freshly packed, 3 loaves, unsliced, Santo Bakery (WSS), 3 loaves",Ah Pow Store,Luganville,0,Y,,,,,,,300,330,330,330,360,360,360,390,360,360,360,360,360,360,360,390,360,360,360,360,360,360,360,,,360,,,,,,,,,,,,,,,
2171,English loaf 30 cm,"English loaf, 30 cm, unsliced","English loaf, freshly packed, 3 loaves sliced, Santo bakery (WSS), local",Kwang Sing Store,Luganville,0,N,,,,,,300,300,,,,,,,360,450,450,,,,570,450,,,,,,300,300,,,300,,,300,300,360,360,360,,,,,,,,,
2172,Lettuce imported,"Lettuce, imported, per Kg","Lettuce, imported, per kg",Au Bon Marche,Luganville,0,N,,,,,,,650,,,,,,,,,,,,,,,,,,,,,,,,,,,,,,,,,,,,,,,,
2173,Tomato imported,"Tomato, imported, loose, per Kg","Tomato, imported, loose, per kg",Au Bon Marche,Luganville,0,N,,,,,,,1500,,,,,,,,,,,,,,,,,900,,,,,450,,,,,,,,,840,,,,,,,,,
2174,Carrot imported,"Carrots, imported, loose, per Kg","Carrots, imported, loose, per kg",LCM Store,Luganville,0,Y,,,,,,,320,350,380,380,450,360,,400,340,340,340,470,450,550,340,450,,300,300,300,,350,,320,320,450,380,390,370,270,250,600,,,320,280,280,750,,280,
2175,Lettuce imported,"Lettuce, imported, per Kg","Lettuce, imported, per kg",LCM Store,Luganville,0,Y,,,,,,,580,280,,,,,,1,280,280,280,280,,280,280,,,,,,1550,,,,,,,,,350,,,,,,,,,,,
2176,Grapes,"Grapes, bunch, per Kg","Grapes, loose per Kg, Imported",LCM Store,Luganville,0,Y,,,,,,,980,,,,,,,,,,,,,,,,,,,,,,,,,,800,,650,,1240,,,,1300,,1200,,,,
2177,Kiwi,"Kiwi fruit, loose, per Kg","Kiwi, loose per Kg, Imported",LCM Store,Luganville,0,Y,,,,,,,1050,,,,,,,,,,,,,,,,,,700,,,,,,650,,700,,,,560,,,,590,660,680,,,,
2178,"Mandarine, imported","Mandarines, imported, loose, per Kg","Mandarines, loose per Kg, imported",LCM Store,Luganville,0,Y,,,,,,,600,,,,,,,,,,,,,,,,,,,,,,,,,,,,,,,,,,,,,,,,
2179,Vanilla bean,"Vanilla, loose, per Kg","Vanilla Beans, packet of 20 for 50grams to make up 1kg",LCM Store,Luganville,0,Y,,,,,,,32400,,,,,,,17600,,,,17600,,,,,26000,26000,26000,26000,26000,26000,30750,30750,40000,,40000,40000,40000,40000,40000,40000,40000,,64000,64000,64000,64000,,57500,
2180,Lettuce imported,"Lettuce, imported, per Kg","Lettuce, imported, per kg",Unity Shell Store,Luganville,0,Y,,,,,,,350,,,,,,,,,,,,,,,,,,,,,,,,,,,,,,,,,,,,,,,,
2181,Garlic,"Garlic, loose, per Kg","Garlic, loose, per kg",Unity Shell Store,Luganville,0,N,,,,,,,,,,,,,,,,,,,,,,,,,,,,,,,,,,,,,,,,,,,,,,,
2182,Garlic,"Garlic, loose, per Kg","Garlic, loose, per kg",Wong Sze Sing,Luganville,0,Y,,,,,,,900,900,900,900,"1,200","1,200",,,,1000,1000,1000,1200,1000,1000,,,1100,1100,1100,550,500,550,1100,1100,1200,,1100,1100,1100,1100,1160,1160,,1160,,1160,1160,,1160,
2206,Radish,"Radish, pkt, per Kg","Radish, 2 bundles",Market House,Luganville,0,Y,,,,,,,,,,,,,,,,,,,,,,,1100,,,,,,,,,,,,,,,,,,300,,,,,,
2338,Corn,"Corn, loose, per Kg","Edgel corn kernels, 420g, Australia",FHP Store,Luganville,0,N,,,,,,,,,,,,,,,,,,,,,,,,,,,,,,,,,,,,,,,,,,,,,,,
2437,Corn,"Corn, loose, per Kg","Mais doux en grains sous vide, 'Top budget' Milho doce em grao, 285g, France",Kwang Sing Ming Store,Luganville,0,Y,,,,,,,,,,,,,,,,,,,,,,,,,,,,,,,,,,,,,,,,,,,,,,,
2446,Corn,"Corn, loose, per Kg","Mais Doux en grains sous vide, 'Top Budget,' 285g, France",Kwang Sing Ming Store,Luganville,0,N,,,,,,,,,,,,,,,,,,,,,,,,,,,,,,,,,,,,,,,,,,,,,,,
2603,Lettuce imported,"Lettuce, imported, per Kg","Lettuce, local, packet",Sunshine Store - Ex ABM Side River,Former ABM Side River,0,N,,,,,,,,,,,,,,,,,,,,,,,,,,,,,,,,,,,,,,,,,,,,,,,
2604,Onion,"Onions, loose, per Kg","Onion, Imported, 1kg, Australia",Sunshine Store - Ex ABM Side River,Former ABM Side River,0,N,,,,,,,,,,,,,,,,,,,,,,,,,,,,,,,,,,,,,,,,,,,,,,,
2605,Potato,"Potatoes, white, loose, per Kg","Potato, White, 1kg, Imported, Australia",Sunshine Store - Ex ABM Side River,Former ABM Side River,0,N,,,,,,,,,,,,,,,,,,,,,,,,,,,,,,,,,,,,,,,,,,,,,,,
2606,Tomato local,"Tomato, local, loose, per Kg","Tomatoe, Local, 1kg",Sunshine Store - Ex ABM Side River,Former ABM Side River,0,N,,,,,,,,,,,,,,,,,,,,,,,,,,,,,,,,,,,,,,,,,,,,,,,
2607,French loaf 30 cm,"French loaf, 30 cm, unsliced","French loaf, freshly packed, Santo Bakery, WSS, 10 Loaves, Local",Sunshine Store - Ex ABM Side River,Former ABM Side River,0,N,,,,,,,,,,,,,,,,,,,,,,,,,,,,,,,,,,,,,,,,,,,,,,,
2608,Lettuce imported,"Lettuce, imported, per Kg","Lettuce, Imported, per kg",Sunshine Store - Ex ABM Side River,Former ABM Side River,0,N,,,,,,,,,,,,,,,,,,,,,,,,,,,,,,,,,,,,,,,,,,,,,,,
2609,Tomato imported,"Tomato, imported, loose, per Kg","Tomato, Imported, loose, per kg",Sunshine Store - Ex ABM Side River,Former ABM Side River,0,N,,,,,,,,,,,,,,,,,,,,,,,,,,,,,,,,,,,,,,,,,,,,,,,
2626,Onion,"Onions, loose, per Kg","Onion, loose, per KG",New Paradise Shop,Luganville ,0,Y,,,,,,,,,,,,,,,,,,,,,,,,,,,,,,,,,,,,,,,200,,280,280,280,280,,250,
2627,Potato,"Potatoes, white, loose, per Kg","Potatoes, White, loose, per KG",New Paradise Shop,Luganville ,0,Y,,,,,,,,,,,,,,,,,,,,,,,,,,,,,,,,,,,,,,,280,,280,300,300,300,,300,
2628,French loaf 30 cm,"French loaf, 30 cm, unsliced","French Loaf, 10 loaves, Santo Bakery, WSS, Local",New Paradise Shop,Luganville ,0,Y,,,,,,,,,,,,,,,,,,,,,,,,,,,,,,,,,,,,,,,600,,600,600,600,600,,600,
2629,Garlic,"Garlic, loose, per Kg","White Garlic, loose, per KG",New Paradise Shop,Luganville ,0,Y,,,,,,,,,,,,,,,,,,,,,,,,,,,,,,,,,,,,,,,840,,420,420,840,840,,840,
2630,"English loaf, sliced","English loaf, sliced, preferred weight xx g (size?)","English Loaf, 3 Loaves sliced, Santo Bakery, (WSS), Local",New Paradise Shop,Luganville ,0,Y,,,,,,,,,,,,,,,,,,,,,,,,,,,,,,,,,,,,,,,570,,570,,570,570,,570,
2648,Onion,"Onions, loose, per Kg","Onions, Loose, Imported, 1kg",Daming Store,Luganville,0,Y,,,,,,,,,,,,,,,,,,,,,,,,,,,,,,,,,,,,,,,200,,200,230,200,220,,250,
2649,Potato,"Potatoes, white, loose, per Kg","Potatoes, White, loose, imported, 1 kg, Australia",Daming Store,Luganville,0,Y,,,,,,,,,,,,,,,,,,,,,,,,,,,,,,,,,,,,,,,250,,250,,300,300,,,
2650,Garlic,"Garlic, loose, per Kg","Garlic, Loose, Imported, 1kg Australia",Daming Store,Luganville,0,Y,,,,,,,,,,,,,,,,,,,,,,,,,,,,,,,,,,,,,,,900,,700,700,960,,,,
2651,French loaf 30 cm,"French loaf, 30 cm, unsliced","French Loaf, 30cm, 10 Loaves, Daming Bakery, Local",Daming Store,Luganville,0,Y,,,,,,,,,,,,,,,,,,,,,,,,,,,,,,,,,,,,,,,600,,600,600,600,600,,600,
2652,"English loaf, sliced","English loaf, sliced, preferred weight xx g (size?)","English Loaf, Sliced, 3 Loaves, Daming Bakery, Local",Daming Store,Luganville,0,Y,,,,,,,,,,,,,,,,,,,,,,,,,,,,,,,,,,,,,,,750,,750,750,750,750,,750,
2657,English loaf 30 cm,"English loaf, 30 cm, unsliced","English Loaf, 3 loaves unsliced, Santo bakery (WSS), local",Unity Shell Store,Luganville,0,Y,,,,,,,,,,,,,,,,,,,,,,,,,,,,,,,,,,,,,,,300,,300,300,,300,,,
2658,English loaf 30 cm,"English loaf, 30 cm, unsliced","English Loaf, freshly packed, 3 loaves unsliced, Santo bakery, (WSS), local",Kwang Sing Store,Luganville,0,Y,,,,,,,,,,,,,,,,,,,,,,,,,,,,,,,,,,,,,,,360,,450,450,,450,,450,
2757,Potato,"Potatoes, white, loose, per Kg","White potatoes, loose, per kg",Chuan Store Luganville,Chuan Building - Next to Wong Sze Sing Store Building,0,Y,,,,,,,,,,,,,,,,,,,,,,,,,,,,,,,,,,,,,,,290,,290,290,,290,,,
2758,Onion,"Onions, loose, per Kg","Onions, loose, per Kg",Chuan Store Luganville,Chuan Building - Next to Wong Sze Sing Store Building,0,Y,,,,,,,,,,,,,,,,,,,,,,,,,,,,,,,,,,,,,,,250,,250,250,220,250,,250,
2759,Garlic,"Garlic, loose, per Kg","Garlic, loose, per Kg",Chuan Store Luganville,Chuan Building - Next to Wong Sze Sing Store Building,0,Y,,,,,,,,,,,,,,,,,,,,,,,,,,,,,,,,,,,,,,,900,,900,900,900,900,,900,
2760,French loaf 30 cm,"French loaf, 30 cm, unsliced","French Loaf Bread, 10 loaves, Daming Bakery, Local",Chuan Store Luganville,Chuan Building - Next to Wong Sze Sing Store Building,0,Y,,,,,,,,,,,,,,,,,,,,,,,,,,,,,,,,,,,,,,,600,,,600,600,,,,
2761,French loaf 30 cm,"French loaf, 30 cm, unsliced","French loaf bread, 10 loaves, Santo Bakery, WSS, local",Chuan Store Luganville,Chuan Building - Next to Wong Sze Sing Store Building,0,Y,,,,,,,,,,,,,,,,,,,,,,,,,,,,,,,,,,,,,,,,,600,600,,600,,600,
2762,English loaf 30 cm,"English loaf, 30 cm, unsliced","English loaf, 3 loaves, Unsliced, local",Chuan Store Luganville,Chuan Building - Next to Wong Sze Sing Store Building,0,Y,,,,,,,,,,,,,,,,,,,,,,,,,,,,,,,,,,,,,,,,,,,,,,,
2763,"English loaf, sliced","English loaf, sliced, preferred weight xx g (size?)","English loaf, 3 loaves, Sliced, local",Chuan Store Luganville,Chuan Building - Next to Wong Sze Sing Store Building,0,Y,,,,,,,,,,,,,,,,,,,,,,,,,,,,,,,,,,,,,,,,,,,,,,,
